[debug] [2026-04-12T03:14:20.676Z] ----------------------------------------------------------------------
[debug] [2026-04-12T03:14:20.705Z] Command:       C:\nvm4w\nodejs\node.exe C:\Users\IKA\AppData\Roaming\npm\node_modules\firebase-tools\lib\bin\firebase.js deploy --only functions --debug
[debug] [2026-04-12T03:14:20.706Z] CLI Version:   15.10.0
[debug] [2026-04-12T03:14:20.707Z] Platform:      win32
[debug] [2026-04-12T03:14:20.707Z] Node Version:  v20.20.2
[debug] [2026-04-12T03:14:20.707Z] Time:          Sat Apr 11 2026 20:14:20 GMT-0700 (Pacific Daylight Time)
[debug] [2026-04-12T03:14:20.708Z] ----------------------------------------------------------------------
[debug] 
[debug] [2026-04-12T03:14:30.691Z] > command requires scopes: ["email","openid","https://www.googleapis.com/auth/cloudplatformprojects.readonly","https://www.googleapis.com/auth/firebase","https://www.googleapis.com/auth/cloud-platform"]
[debug] [2026-04-12T03:14:30.714Z] > authorizing via signed-in user (zenitech007@gmail.com)
[debug] [2026-04-12T03:14:30.737Z] [iam] checking project projectmate-485110 for permissions ["cloudfunctions.functions.create","cloudfunctions.functions.delete","cloudfunctions.functions.get","cloudfunctions.functions.list","cloudfunctions.functions.update","cloudfunctions.operations.get","firebase.projects.get"]
[debug] [2026-04-12T03:14:30.762Z] Checked if tokens are valid: true, expires at: 1775966200663
[debug] [2026-04-12T03:14:30.777Z] Checked if tokens are valid: true, expires at: 1775966200663
[debug] [2026-04-12T03:14:30.805Z] >>> [apiv2][query] POST https://cloudresourcemanager.googleapis.com/v1/projects/projectmate-485110:testIamPermissions [none]
[debug] [2026-04-12T03:14:30.814Z] >>> [apiv2][(partial)header] POST https://cloudresourcemanager.googleapis.com/v1/projects/projectmate-485110:testIamPermissions  x-goog-user-project=projectmate-485110
[debug] [2026-04-12T03:14:30.827Z] >>> [apiv2][body] POST https://cloudresourcemanager.googleapis.com/v1/projects/projectmate-485110:testIamPermissions {"permissions":["cloudfunctions.functions.create","cloudfunctions.functions.delete","cloudfunctions.functions.get","cloudfunctions.functions.list","cloudfunctions.functions.update","cloudfunctions.operations.get","firebase.projects.get"]}
[debug] [2026-04-12T03:14:32.314Z] <<< [apiv2][status] POST https://cloudresourcemanager.googleapis.com/v1/projects/projectmate-485110:testIamPermissions 200
[debug] [2026-04-12T03:14:32.315Z] <<< [apiv2][body] POST https://cloudresourcemanager.googleapis.com/v1/projects/projectmate-485110:testIamPermissions {"permissions":["cloudfunctions.functions.create","cloudfunctions.functions.delete","cloudfunctions.functions.get","cloudfunctions.functions.list","cloudfunctions.functions.update","cloudfunctions.operations.get","firebase.projects.get"]}
[debug] [2026-04-12T03:14:32.328Z] Checked if tokens are valid: true, expires at: 1775966200663
[debug] [2026-04-12T03:14:32.342Z] Checked if tokens are valid: true, expires at: 1775966200663
[debug] [2026-04-12T03:14:32.374Z] >>> [apiv2][query] POST https://iam.googleapis.com/v1/projects/projectmate-485110/serviceAccounts/projectmate-485110@appspot.gserviceaccount.com:testIamPermissions [none]
[debug] [2026-04-12T03:14:32.378Z] >>> [apiv2][body] POST https://iam.googleapis.com/v1/projects/projectmate-485110/serviceAccounts/projectmate-485110@appspot.gserviceaccount.com:testIamPermissions {"permissions":["iam.serviceAccounts.actAs"]}
[debug] [2026-04-12T03:14:34.214Z] <<< [apiv2][status] POST https://iam.googleapis.com/v1/projects/projectmate-485110/serviceAccounts/projectmate-485110@appspot.gserviceaccount.com:testIamPermissions 200
[debug] [2026-04-12T03:14:34.215Z] <<< [apiv2][body] POST https://iam.googleapis.com/v1/projects/projectmate-485110/serviceAccounts/projectmate-485110@appspot.gserviceaccount.com:testIamPermissions {"permissions":["iam.serviceAccounts.actAs"]}
[info] 
[info] === Deploying to 'projectmate-485110'...
[info] 
[info] i  deploying functions 
[debug] [2026-04-12T03:14:34.284Z] Checked if tokens are valid: true, expires at: 1775966200663
[debug] [2026-04-12T03:14:34.293Z] Checked if tokens are valid: true, expires at: 1775966200663
[debug] [2026-04-12T03:14:34.309Z] >>> [apiv2][query] GET https://cloudresourcemanager.googleapis.com/v1/projects/projectmate-485110 [none]
[debug] [2026-04-12T03:14:34.594Z] <<< [apiv2][status] GET https://cloudresourcemanager.googleapis.com/v1/projects/projectmate-485110 200
[debug] [2026-04-12T03:14:34.594Z] <<< [apiv2][body] GET https://cloudresourcemanager.googleapis.com/v1/projects/projectmate-485110 {"projectNumber":"369127916461","projectId":"projectmate-485110","lifecycleState":"ACTIVE","name":"ProjectMate","labels":{"firebase":"enabled","firebase-core":"disabled"},"createTime":"2026-01-22T10:33:01.499956Z"}
[info] i  functions: preparing codebase default for deployment 
[info] i  functions: ensuring required API cloudfunctions.googleapis.com is enabled... 
[info] i  functions: ensuring required API cloudbuild.googleapis.com is enabled... 
[info] i  artifactregistry: ensuring required API artifactregistry.googleapis.com is enabled... 
[debug] [2026-04-12T03:14:34.607Z] Checked if tokens are valid: true, expires at: 1775966200663
[debug] [2026-04-12T03:14:34.607Z] Checked if tokens are valid: true, expires at: 1775966200663
[debug] [2026-04-12T03:14:34.619Z] >>> [apiv2][query] GET https://firebase.googleapis.com/v1beta1/projects/projectmate-485110/adminSdkConfig [none]
[debug] [2026-04-12T03:14:35.450Z] <<< [apiv2][status] GET https://firebase.googleapis.com/v1beta1/projects/projectmate-485110/adminSdkConfig 200
[debug] [2026-04-12T03:14:35.451Z] <<< [apiv2][body] GET https://firebase.googleapis.com/v1beta1/projects/projectmate-485110/adminSdkConfig {"projectId":"projectmate-485110","storageBucket":"projectmate-485110.firebasestorage.app"}
[debug] [2026-04-12T03:14:35.460Z] Checked if tokens are valid: true, expires at: 1775966200663
[debug] [2026-04-12T03:14:35.461Z] Checked if tokens are valid: true, expires at: 1775966200663
[debug] [2026-04-12T03:14:35.476Z] >>> [apiv2][query] GET https://runtimeconfig.googleapis.com/v1beta1/projects/projectmate-485110/configs [none]
[debug] [2026-04-12T03:14:36.349Z] <<< [apiv2][status] GET https://runtimeconfig.googleapis.com/v1beta1/projects/projectmate-485110/configs 200
[debug] [2026-04-12T03:14:36.350Z] <<< [apiv2][body] GET https://runtimeconfig.googleapis.com/v1beta1/projects/projectmate-485110/configs {}
[debug] [2026-04-12T03:14:36.390Z] Validating nodejs source
[warn] !  functions: Runtime Node.js 20 will be deprecated on 2026-04-30 and will be decommissioned on 2026-10-30, after which you will not be able to deploy without upgrading. Consider upgrading now to avoid disruption. See https://cloud.google.com/functions/docs/runtime-support for full details on the lifecycle policy 
[debug] [2026-04-12T03:14:42.495Z] > [functions] package.json contents: {
  "name": "projectmate-functions",
  "description": "Cloud Functions for ProjectMate",
  "scripts": {
    "serve": "firebase serve --only functions",
    "shell": "firebase functions:shell",
    "start": "npm run shell",
    "deploy": "firebase deploy --only functions",
    "logs": "firebase functions:log"
  },
  "engines": {
    "node": "20"
  },
  "main": "index.js",
  "dependencies": {
    "@google/genai": "^1.49.0",
    "cors": "^2.8.6",
    "firebase-admin": "^12.7.0",
    "firebase-functions": "^7.2.5"
  },
  "private": true
}
[debug] [2026-04-12T03:14:42.497Z] Building nodejs source
[info] i  functions: Loading and analyzing source code for codebase default to determine what to deploy 
[debug] [2026-04-12T03:14:42.523Z] Could not find functions.yaml. Must use http discovery
[debug] [2026-04-12T03:14:42.611Z] Found firebase-functions binary at 'C:\Users\IKA\ProjectMate\functions\node_modules\.bin\firebase-functions'
[info] Serving at port 8357

[debug] [2026-04-12T03:14:46.546Z] Got response from /__/functions.yaml {"endpoints":{"paystackWebhook":{"availableMemoryMb":null,"timeoutSeconds":null,"minInstances":null,"maxInstances":null,"ingressSettings":null,"concurrency":null,"serviceAccountEmail":null,"vpc":null,"platform":"gcfv2","secretEnvironmentVariables":[{"key":"PAYSTACK_SECRET_KEY"}],"labels":{},"httpsTrigger":{},"entryPoint":"paystackWebhook"},"generateTopics":{"availableMemoryMb":null,"timeoutSeconds":null,"minInstances":null,"maxInstances":null,"ingressSettings":null,"concurrency":null,"serviceAccountEmail":null,"vpc":null,"platform":"gcfv2","secretEnvironmentVariables":[{"key":"GEMINI_API_KEY"}],"labels":{},"callableTrigger":{},"entryPoint":"generateTopics"},"generateOutline":{"availableMemoryMb":null,"timeoutSeconds":null,"minInstances":null,"maxInstances":null,"ingressSettings":null,"concurrency":null,"serviceAccountEmail":null,"vpc":null,"platform":"gcfv2","secretEnvironmentVariables":[{"key":"GEMINI_API_KEY"}],"labels":{},"callableTrigger":{},"entryPoint":"generateOutline"},"generateChapterStream":{"availableMemoryMb":null,"timeoutSeconds":null,"minInstances":null,"maxInstances":null,"ingressSettings":null,"concurrency":null,"serviceAccountEmail":null,"vpc":null,"platform":"gcfv2","secretEnvironmentVariables":[{"key":"GEMINI_API_KEY"}],"labels":{},"httpsTrigger":{},"entryPoint":"generateChapterStream"},"generateSectionStream":{"availableMemoryMb":null,"timeoutSeconds":null,"minInstances":null,"maxInstances":null,"ingressSettings":null,"concurrency":null,"serviceAccountEmail":null,"vpc":null,"platform":"gcfv2","secretEnvironmentVariables":[{"key":"GEMINI_API_KEY"}],"labels":{},"httpsTrigger":{},"entryPoint":"generateSectionStream"},"elaborateStream":{"availableMemoryMb":null,"timeoutSeconds":null,"minInstances":null,"maxInstances":null,"ingressSettings":null,"concurrency":null,"serviceAccountEmail":null,"vpc":null,"platform":"gcfv2","secretEnvironmentVariables":[{"key":"GEMINI_API_KEY"}],"labels":{},"httpsTrigger":{},"entryPoint":"elaborateStream"}},"specVersion":"v1alpha1","requiredAPIs":[],"extensions":{}}
[info] i  extensions: ensuring required API firebaseextensions.googleapis.com is enabled... 
[debug] [2026-04-12T03:14:50.802Z] > command requires scopes: ["email","openid","https://www.googleapis.com/auth/cloudplatformprojects.readonly","https://www.googleapis.com/auth/firebase","https://www.googleapis.com/auth/cloud-platform"]
[debug] [2026-04-12T03:14:50.805Z] > authorizing via signed-in user (zenitech007@gmail.com)
[debug] [2026-04-12T03:14:50.807Z] [iam] checking project projectmate-485110 for permissions ["firebase.projects.get","firebaseextensions.instances.list"]
[debug] [2026-04-12T03:14:50.809Z] Checked if tokens are valid: true, expires at: 1775966200663
[debug] [2026-04-12T03:14:50.810Z] Checked if tokens are valid: true, expires at: 1775966200663
[debug] [2026-04-12T03:14:50.827Z] >>> [apiv2][query] POST https://cloudresourcemanager.googleapis.com/v1/projects/projectmate-485110:testIamPermissions [none]
[debug] [2026-04-12T03:14:50.859Z] >>> [apiv2][(partial)header] POST https://cloudresourcemanager.googleapis.com/v1/projects/projectmate-485110:testIamPermissions  x-goog-user-project=projectmate-485110
[debug] [2026-04-12T03:14:50.874Z] >>> [apiv2][body] POST https://cloudresourcemanager.googleapis.com/v1/projects/projectmate-485110:testIamPermissions {"permissions":["firebase.projects.get","firebaseextensions.instances.list"]}
[debug] [2026-04-12T03:14:51.693Z] <<< [apiv2][status] POST https://cloudresourcemanager.googleapis.com/v1/projects/projectmate-485110:testIamPermissions 200
[debug] [2026-04-12T03:14:51.694Z] <<< [apiv2][body] POST https://cloudresourcemanager.googleapis.com/v1/projects/projectmate-485110:testIamPermissions {"permissions":["firebase.projects.get","firebaseextensions.instances.list"]}
[debug] [2026-04-12T03:14:51.714Z] Checked if tokens are valid: true, expires at: 1775966200663
[debug] [2026-04-12T03:14:51.716Z] Checked if tokens are valid: true, expires at: 1775966200663
[debug] [2026-04-12T03:14:51.724Z] >>> [apiv2][query] GET https://firebaseextensions.googleapis.com/v1beta/projects/projectmate-485110/instances pageSize=100&pageToken=
[debug] [2026-04-12T03:14:53.233Z] <<< [apiv2][status] GET https://firebaseextensions.googleapis.com/v1beta/projects/projectmate-485110/instances 200
[debug] [2026-04-12T03:14:53.234Z] <<< [apiv2][body] GET https://firebaseextensions.googleapis.com/v1beta/projects/projectmate-485110/instances {}
[info] i  functions: preparing functions directory for uploading... 
[info] i  functions: packaged C:\Users\IKA\ProjectMate\functions (36.08 KB) for uploading 
[debug] [2026-04-12T03:14:53.459Z] Checked if tokens are valid: true, expires at: 1775966200663
[debug] [2026-04-12T03:14:53.473Z] Checked if tokens are valid: true, expires at: 1775966200663
[debug] [2026-04-12T03:14:53.507Z] >>> [apiv2][query] GET https://cloudfunctions.googleapis.com/v1/projects/projectmate-485110/locations/-/functions [none]
[debug] [2026-04-12T03:14:55.042Z] <<< [apiv2][status] GET https://cloudfunctions.googleapis.com/v1/projects/projectmate-485110/locations/-/functions 200
[debug] [2026-04-12T03:14:55.043Z] <<< [apiv2][body] GET https://cloudfunctions.googleapis.com/v1/projects/projectmate-485110/locations/-/functions {}
[debug] [2026-04-12T03:14:55.046Z] Checked if tokens are valid: true, expires at: 1775966200663
[debug] [2026-04-12T03:14:55.048Z] Checked if tokens are valid: true, expires at: 1775966200663
[debug] [2026-04-12T03:14:55.049Z] >>> [apiv2][query] GET https://cloudfunctions.googleapis.com/v2/projects/projectmate-485110/locations/-/functions filter=environment%3D%22GEN_2%22
[debug] [2026-04-12T03:14:55.694Z] <<< [apiv2][status] GET https://cloudfunctions.googleapis.com/v2/projects/projectmate-485110/locations/-/functions 200
[debug] [2026-04-12T03:14:55.707Z] <<< [apiv2][body] GET https://cloudfunctions.googleapis.com/v2/projects/projectmate-485110/locations/-/functions {"functions":[{"name":"projects/projectmate-485110/locations/us-central1/functions/generateOutline","buildConfig":{"build":"projects/369127916461/locations/us-central1/builds/af890ec5-7c38-4727-ae90-8f1705539177","runtime":"nodejs20","entryPoint":"generateOutline","source":{"storageSource":{"bucket":"gcf-v2-sources-369127916461-us-central1","object":"generateOutline/function-source.zip","generation":"1775948931304712"}},"environmentVariables":{"GOOGLE_NODE_RUN_SCRIPTS":""},"dockerRepository":"projects/projectmate-485110/locations/us-central1/repositories/gcf-artifacts","sourceProvenance":{"resolvedStorageSource":{"bucket":"gcf-v2-sources-369127916461-us-central1","object":"generateOutline/function-source.zip","generation":"1775948931304712"}},"dockerRegistry":"ARTIFACT_REGISTRY","serviceAccount":"projects/projectmate-485110/serviceAccounts/369127916461-compute@developer.gserviceaccount.com","automaticUpdatePolicy":{}},"serviceConfig":{"service":"projects/projectmate-485110/locations/us-central1/services/generateoutline","timeoutSeconds":60,"environmentVariables":{"FIREBASE_CONFIG":"{\"projectId\":\"projectmate-485110\",\"storageBucket\":\"projectmate-485110.firebasestorage.app\"}","GCLOUD_PROJECT":"projectmate-485110","EVENTARC_CLOUD_EVENT_SOURCE":"projects/projectmate-485110/locations/us-central1/services/generateOutline","FUNCTION_TARGET":"generateOutline","LOG_EXECUTION_ID":"true","FUNCTION_SIGNATURE_TYPE":"http"},"maxInstanceCount":3,"ingressSettings":"ALLOW_ALL","uri":"https://generateoutline-7e24pliqpa-uc.a.run.app","serviceAccountEmail":"369127916461-compute@developer.gserviceaccount.com","availableMemory":"256Mi","allTrafficOnLatestRevision":true,"secretEnvironmentVariables":[{"key":"GEMINI_API_KEY","projectId":"projectmate-485110","secret":"GEMINI_API_KEY","version":"3"}],"revision":"generateoutline-00014-mav","maxInstanceRequestConcurrency":80,"availableCpu":"1"},"state":"ACTIVE","updateTime":"2026-04-11T23:08:58.460674254Z","labels":{"firebase-functions-hash":"d2ed5508f3123210c7323171488a0e1c657ed980","deployment-tool":"cli-firebase","deployment-callable":"true"},"environment":"GEN_2","url":"https://us-central1-projectmate-485110.cloudfunctions.net/generateOutline","createTime":"2026-04-10T21:05:11.490575986Z","satisfiesPzi":true},{"name":"projects/projectmate-485110/locations/us-central1/functions/generateChapterStream","buildConfig":{"build":"projects/369127916461/locations/us-central1/builds/af890ec5-7c38-4727-ae90-8f1705539177","runtime":"nodejs20","entryPoint":"generateChapterStream","source":{"storageSource":{"bucket":"gcf-v2-sources-369127916461-us-central1","object":"generateChapterStream/function-source.zip","generation":"1775948931245841"}},"environmentVariables":{"GOOGLE_NODE_RUN_SCRIPTS":""},"dockerRepository":"projects/projectmate-485110/locations/us-central1/repositories/gcf-artifacts","sourceProvenance":{"resolvedStorageSource":{"bucket":"gcf-v2-sources-369127916461-us-central1","object":"generateChapterStream/function-source.zip","generation":"1775948931245841"}},"dockerRegistry":"ARTIFACT_REGISTRY","serviceAccount":"projects/projectmate-485110/serviceAccounts/369127916461-compute@developer.gserviceaccount.com","automaticUpdatePolicy":{}},"serviceConfig":{"service":"projects/projectmate-485110/locations/us-central1/services/generatechapterstream","timeoutSeconds":60,"environmentVariables":{"FIREBASE_CONFIG":"{\"projectId\":\"projectmate-485110\",\"storageBucket\":\"projectmate-485110.firebasestorage.app\"}","GCLOUD_PROJECT":"projectmate-485110","EVENTARC_CLOUD_EVENT_SOURCE":"projects/projectmate-485110/locations/us-central1/services/generateChapterStream","FUNCTION_TARGET":"generateChapterStream","LOG_EXECUTION_ID":"true","FUNCTION_SIGNATURE_TYPE":"http"},"maxInstanceCount":3,"ingressSettings":"ALLOW_ALL","uri":"https://generatechapterstream-7e24pliqpa-uc.a.run.app","serviceAccountEmail":"369127916461-compute@developer.gserviceaccount.com","availableMemory":"256Mi","allTrafficOnLatestRevision":true,"secretEnvironmentVariables":[{"key":"GEMINI_API_KEY","projectId":"projectmate-485110","secret":"GEMINI_API_KEY","version":"3"}],"revision":"generatechapterstream-00013-qav","maxInstanceRequestConcurrency":80,"availableCpu":"1"},"state":"ACTIVE","updateTime":"2026-04-11T23:08:58.016324786Z","labels":{"deployment-tool":"cli-firebase","firebase-functions-hash":"d2ed5508f3123210c7323171488a0e1c657ed980"},"environment":"GEN_2","url":"https://us-central1-projectmate-485110.cloudfunctions.net/generateChapterStream","createTime":"2026-04-10T21:05:14.060121878Z","satisfiesPzi":true},{"name":"projects/projectmate-485110/locations/us-central1/functions/paystackWebhook","buildConfig":{"build":"projects/369127916461/locations/us-central1/builds/af890ec5-7c38-4727-ae90-8f1705539177","runtime":"nodejs20","entryPoint":"paystackWebhook","source":{"storageSource":{"bucket":"gcf-v2-sources-369127916461-us-central1","object":"paystackWebhook/function-source.zip","generation":"1775948886933731"}},"environmentVariables":{"GOOGLE_NODE_RUN_SCRIPTS":""},"dockerRepository":"projects/projectmate-485110/locations/us-central1/repositories/gcf-artifacts","sourceProvenance":{"resolvedStorageSource":{"bucket":"gcf-v2-sources-369127916461-us-central1","object":"paystackWebhook/function-source.zip","generation":"1775948886933731"}},"dockerRegistry":"ARTIFACT_REGISTRY","serviceAccount":"projects/projectmate-485110/serviceAccounts/369127916461-compute@developer.gserviceaccount.com","automaticUpdatePolicy":{}},"serviceConfig":{"service":"projects/projectmate-485110/locations/us-central1/services/paystackwebhook","timeoutSeconds":60,"environmentVariables":{"FIREBASE_CONFIG":"{\"projectId\":\"projectmate-485110\",\"storageBucket\":\"projectmate-485110.firebasestorage.app\"}","GCLOUD_PROJECT":"projectmate-485110","EVENTARC_CLOUD_EVENT_SOURCE":"projects/projectmate-485110/locations/us-central1/services/paystackWebhook","FUNCTION_TARGET":"paystackWebhook","LOG_EXECUTION_ID":"true"},"maxInstanceCount":3,"ingressSettings":"ALLOW_ALL","uri":"https://paystackwebhook-7e24pliqpa-uc.a.run.app","serviceAccountEmail":"369127916461-compute@developer.gserviceaccount.com","availableMemory":"256Mi","allTrafficOnLatestRevision":true,"secretEnvironmentVariables":[{"key":"PAYSTACK_SECRET_KEY","projectId":"projectmate-485110","secret":"PAYSTACK_SECRET_KEY","version":"2"}],"revision":"paystackwebhook-00005-yem","maxInstanceRequestConcurrency":80,"availableCpu":"1"},"state":"ACTIVE","updateTime":"2026-04-11T23:08:57.385531629Z","labels":{"firebase-functions-hash":"3515accce6256b2c7df35511ca7bdb436fd85041","deployment-tool":"cli-firebase"},"environment":"GEN_2","url":"https://us-central1-projectmate-485110.cloudfunctions.net/paystackWebhook","createTime":"2026-04-11T12:49:00.113446997Z","satisfiesPzi":true},{"name":"projects/projectmate-485110/locations/us-central1/functions/generateSectionStream","buildConfig":{"build":"projects/369127916461/locations/us-central1/builds/af890ec5-7c38-4727-ae90-8f1705539177","runtime":"nodejs20","entryPoint":"generateSectionStream","source":{"storageSource":{"bucket":"gcf-v2-sources-369127916461-us-central1","object":"generateSectionStream/function-source.zip","generation":"1775948931237070"}},"environmentVariables":{"GOOGLE_NODE_RUN_SCRIPTS":""},"dockerRepository":"projects/projectmate-485110/locations/us-central1/repositories/gcf-artifacts","sourceProvenance":{"resolvedStorageSource":{"bucket":"gcf-v2-sources-369127916461-us-central1","object":"generateSectionStream/function-source.zip","generation":"1775948931237070"}},"dockerRegistry":"ARTIFACT_REGISTRY","serviceAccount":"projects/projectmate-485110/serviceAccounts/369127916461-compute@developer.gserviceaccount.com","automaticUpdatePolicy":{}},"serviceConfig":{"service":"projects/projectmate-485110/locations/us-central1/services/generatesectionstream","timeoutSeconds":60,"environmentVariables":{"FIREBASE_CONFIG":"{\"projectId\":\"projectmate-485110\",\"storageBucket\":\"projectmate-485110.firebasestorage.app\"}","GCLOUD_PROJECT":"projectmate-485110","EVENTARC_CLOUD_EVENT_SOURCE":"projects/projectmate-485110/locations/us-central1/services/generateSectionStream","FUNCTION_TARGET":"generateSectionStream","LOG_EXECUTION_ID":"true","FUNCTION_SIGNATURE_TYPE":"http"},"maxInstanceCount":3,"ingressSettings":"ALLOW_ALL","uri":"https://generatesectionstream-7e24pliqpa-uc.a.run.app","serviceAccountEmail":"369127916461-compute@developer.gserviceaccount.com","availableMemory":"256Mi","allTrafficOnLatestRevision":true,"secretEnvironmentVariables":[{"key":"GEMINI_API_KEY","projectId":"projectmate-485110","secret":"GEMINI_API_KEY","version":"3"}],"revision":"generatesectionstream-00012-zox","maxInstanceRequestConcurrency":80,"availableCpu":"1"},"state":"ACTIVE","updateTime":"2026-04-11T23:08:57.886957605Z","labels":{"firebase-functions-hash":"d2ed5508f3123210c7323171488a0e1c657ed980","deployment-tool":"cli-firebase"},"environment":"GEN_2","url":"https://us-central1-projectmate-485110.cloudfunctions.net/generateSectionStream","createTime":"2026-04-11T09:26:31.263376880Z","satisfiesPzi":true},{"name":"projects/projectmate-485110/locations/us-central1/functions/elaborateStream","buildConfig":{"build":"projects/369127916461/locations/us-central1/builds/af890ec5-7c38-4727-ae90-8f1705539177","runtime":"nodejs20","entryPoint":"elaborateStream","source":{"storageSource":{"bucket":"gcf-v2-sources-369127916461-us-central1","object":"elaborateStream/function-source.zip","generation":"1775948931386201"}},"environmentVariables":{"GOOGLE_NODE_RUN_SCRIPTS":""},"dockerRepository":"projects/projectmate-485110/locations/us-central1/repositories/gcf-artifacts","sourceProvenance":{"resolvedStorageSource":{"bucket":"gcf-v2-sources-369127916461-us-central1","object":"elaborateStream/function-source.zip","generation":"1775948931386201"}},"dockerRegistry":"ARTIFACT_REGISTRY","serviceAccount":"projects/projectmate-485110/serviceAccounts/369127916461-compute@developer.gserviceaccount.com","automaticUpdatePolicy":{}},"serviceConfig":{"service":"projects/projectmate-485110/locations/us-central1/services/elaboratestream","timeoutSeconds":60,"environmentVariables":{"FIREBASE_CONFIG":"{\"projectId\":\"projectmate-485110\",\"storageBucket\":\"projectmate-485110.firebasestorage.app\"}","GCLOUD_PROJECT":"projectmate-485110","EVENTARC_CLOUD_EVENT_SOURCE":"projects/projectmate-485110/locations/us-central1/services/elaborateStream","FUNCTION_TARGET":"elaborateStream","LOG_EXECUTION_ID":"true","FUNCTION_SIGNATURE_TYPE":"http"},"maxInstanceCount":3,"ingressSettings":"ALLOW_ALL","uri":"https://elaboratestream-7e24pliqpa-uc.a.run.app","serviceAccountEmail":"369127916461-compute@developer.gserviceaccount.com","availableMemory":"256Mi","allTrafficOnLatestRevision":true,"secretEnvironmentVariables":[{"key":"GEMINI_API_KEY","projectId":"projectmate-485110","secret":"GEMINI_API_KEY","version":"3"}],"revision":"elaboratestream-00012-mox","maxInstanceRequestConcurrency":80,"availableCpu":"1"},"state":"ACTIVE","updateTime":"2026-04-11T23:08:58.548155979Z","labels":{"deployment-tool":"cli-firebase","firebase-functions-hash":"d2ed5508f3123210c7323171488a0e1c657ed980"},"environment":"GEN_2","url":"https://us-central1-projectmate-485110.cloudfunctions.net/elaborateStream","createTime":"2026-04-11T09:27:23.582333369Z","satisfiesPzi":true},{"name":"projects/projectmate-485110/locations/us-central1/functions/generateTopics","buildConfig":{"build":"projects/369127916461/locations/us-central1/builds/af890ec5-7c38-4727-ae90-8f1705539177","runtime":"nodejs20","entryPoint":"generateTopics","source":{"storageSource":{"bucket":"gcf-v2-sources-369127916461-us-central1","object":"generateTopics/function-source.zip","generation":"1775948931032963"}},"environmentVariables":{"GOOGLE_NODE_RUN_SCRIPTS":""},"dockerRepository":"projects/projectmate-485110/locations/us-central1/repositories/gcf-artifacts","sourceProvenance":{"resolvedStorageSource":{"bucket":"gcf-v2-sources-369127916461-us-central1","object":"generateTopics/function-source.zip","generation":"1775948931032963"}},"dockerRegistry":"ARTIFACT_REGISTRY","serviceAccount":"projects/projectmate-485110/serviceAccounts/369127916461-compute@developer.gserviceaccount.com","automaticUpdatePolicy":{}},"serviceConfig":{"service":"projects/projectmate-485110/locations/us-central1/services/generatetopics","timeoutSeconds":60,"environmentVariables":{"FIREBASE_CONFIG":"{\"projectId\":\"projectmate-485110\",\"storageBucket\":\"projectmate-485110.firebasestorage.app\"}","GCLOUD_PROJECT":"projectmate-485110","EVENTARC_CLOUD_EVENT_SOURCE":"projects/projectmate-485110/locations/us-central1/services/generateTopics","FUNCTION_TARGET":"generateTopics","LOG_EXECUTION_ID":"true","FUNCTION_SIGNATURE_TYPE":"http"},"maxInstanceCount":3,"ingressSettings":"ALLOW_ALL","uri":"https://generatetopics-7e24pliqpa-uc.a.run.app","serviceAccountEmail":"369127916461-compute@developer.gserviceaccount.com","availableMemory":"256Mi","allTrafficOnLatestRevision":true,"secretEnvironmentVariables":[{"key":"GEMINI_API_KEY","projectId":"projectmate-485110","secret":"GEMINI_API_KEY","version":"3"}],"revision":"generatetopics-00014-res","maxInstanceRequestConcurrency":80,"availableCpu":"1"},"state":"ACTIVE","updateTime":"2026-04-11T23:08:58.349557518Z","labels":{"deployment-tool":"cli-firebase","deployment-callable":"true","firebase-functions-hash":"d2ed5508f3123210c7323171488a0e1c657ed980"},"environment":"GEN_2","url":"https://us-central1-projectmate-485110.cloudfunctions.net/generateTopics","createTime":"2026-04-10T21:03:48.649654189Z","satisfiesPzi":true}]}
[info] i  functions: ensuring required API run.googleapis.com is enabled... 
[info] i  functions: ensuring required API eventarc.googleapis.com is enabled... 
[info] i  functions: ensuring required API pubsub.googleapis.com is enabled... 
[info] i  functions: ensuring required API storage.googleapis.com is enabled... 
[info] i  functions: generating the service identity for pubsub.googleapis.com... 
[debug] [2026-04-12T03:14:55.904Z] Checked if tokens are valid: true, expires at: 1775966200663
[debug] [2026-04-12T03:14:55.910Z] Checked if tokens are valid: true, expires at: 1775966200663
[info] i  functions: generating the service identity for eventarc.googleapis.com... 
[debug] [2026-04-12T03:14:55.939Z] Checked if tokens are valid: true, expires at: 1775966200663
[debug] [2026-04-12T03:14:55.941Z] Checked if tokens are valid: true, expires at: 1775966200663
[debug] [2026-04-12T03:14:55.943Z] >>> [apiv2][query] POST https://serviceusage.googleapis.com/v1beta1/projects/369127916461/services/pubsub.googleapis.com:generateServiceIdentity [none]
[debug] [2026-04-12T03:14:55.960Z] >>> [apiv2][(partial)header] POST https://serviceusage.googleapis.com/v1beta1/projects/369127916461/services/pubsub.googleapis.com:generateServiceIdentity  x-goog-user-project=369127916461
[debug] [2026-04-12T03:14:55.976Z] >>> [apiv2][body] POST https://serviceusage.googleapis.com/v1beta1/projects/369127916461/services/pubsub.googleapis.com:generateServiceIdentity {}
[debug] [2026-04-12T03:14:56.006Z] >>> [apiv2][query] POST https://serviceusage.googleapis.com/v1beta1/projects/369127916461/services/eventarc.googleapis.com:generateServiceIdentity [none]
[debug] [2026-04-12T03:14:56.026Z] >>> [apiv2][(partial)header] POST https://serviceusage.googleapis.com/v1beta1/projects/369127916461/services/eventarc.googleapis.com:generateServiceIdentity  x-goog-user-project=369127916461
[debug] [2026-04-12T03:14:56.027Z] >>> [apiv2][body] POST https://serviceusage.googleapis.com/v1beta1/projects/369127916461/services/eventarc.googleapis.com:generateServiceIdentity {}
[debug] [2026-04-12T03:14:57.143Z] <<< [apiv2][status] POST https://serviceusage.googleapis.com/v1beta1/projects/369127916461/services/eventarc.googleapis.com:generateServiceIdentity 200
[debug] [2026-04-12T03:14:57.144Z] <<< [apiv2][body] POST https://serviceusage.googleapis.com/v1beta1/projects/369127916461/services/eventarc.googleapis.com:generateServiceIdentity {"name":"operations/finished.DONE_OPERATION","done":true,"response":{"@type":"type.googleapis.com/google.api.serviceusage.v1beta1.ServiceIdentity","email":"service-369127916461@gcp-sa-eventarc.iam.gserviceaccount.com","uniqueId":"102873447880407402354"}}
[debug] [2026-04-12T03:14:57.171Z] <<< [apiv2][status] POST https://serviceusage.googleapis.com/v1beta1/projects/369127916461/services/pubsub.googleapis.com:generateServiceIdentity 200
[debug] [2026-04-12T03:14:57.176Z] <<< [apiv2][body] POST https://serviceusage.googleapis.com/v1beta1/projects/369127916461/services/pubsub.googleapis.com:generateServiceIdentity {"name":"operations/finished.DONE_OPERATION","done":true,"response":{"@type":"type.googleapis.com/google.api.serviceusage.v1beta1.ServiceIdentity","email":"service-369127916461@gcp-sa-pubsub.iam.gserviceaccount.com","uniqueId":"113175798546412094863"}}
[info] i  functions: ensuring required API secretmanager.googleapis.com is enabled... 
[debug] [2026-04-12T03:14:57.201Z] Checked if tokens are valid: true, expires at: 1775966200663
[debug] [2026-04-12T03:14:57.211Z] Checked if tokens are valid: true, expires at: 1775966200663
[debug] [2026-04-12T03:14:57.232Z] Checked if tokens are valid: true, expires at: 1775966200663
[debug] [2026-04-12T03:14:57.259Z] Checked if tokens are valid: true, expires at: 1775966200663
[debug] [2026-04-12T03:14:57.263Z] >>> [apiv2][query] GET https://secretmanager.googleapis.com/v1/projects/projectmate-485110/secrets/PAYSTACK_SECRET_KEY/versions/latest [none]
[debug] [2026-04-12T03:14:57.290Z] >>> [apiv2][query] GET https://secretmanager.googleapis.com/v1/projects/projectmate-485110/secrets/GEMINI_API_KEY/versions/latest [none]
[debug] [2026-04-12T03:14:58.454Z] <<< [apiv2][status] GET https://secretmanager.googleapis.com/v1/projects/projectmate-485110/secrets/GEMINI_API_KEY/versions/latest 200
[debug] [2026-04-12T03:14:58.455Z] <<< [apiv2][body] GET https://secretmanager.googleapis.com/v1/projects/projectmate-485110/secrets/GEMINI_API_KEY/versions/latest {"name":"projects/369127916461/secrets/GEMINI_API_KEY/versions/3","createTime":"2026-04-11T14:31:31.175830Z","state":"ENABLED","replicationStatus":{"automatic":{}},"etag":"\"164f301b0dc596\""}
[debug] [2026-04-12T03:14:58.475Z] Resolved secret version of GEMINI_API_KEY to 3.
[debug] [2026-04-12T03:14:58.564Z] <<< [apiv2][status] GET https://secretmanager.googleapis.com/v1/projects/projectmate-485110/secrets/PAYSTACK_SECRET_KEY/versions/latest 200
[debug] [2026-04-12T03:14:58.564Z] <<< [apiv2][body] GET https://secretmanager.googleapis.com/v1/projects/projectmate-485110/secrets/PAYSTACK_SECRET_KEY/versions/latest {"name":"projects/369127916461/secrets/PAYSTACK_SECRET_KEY/versions/2","createTime":"2026-04-11T22:40:23.025054Z","state":"ENABLED","replicationStatus":{"automatic":{}},"etag":"\"164f36ef5e459e\""}
[debug] [2026-04-12T03:14:58.589Z] Resolved secret version of PAYSTACK_SECRET_KEY to 2.
[debug] [2026-04-12T03:14:58.619Z] Checked if tokens are valid: true, expires at: 1775966200663
[debug] [2026-04-12T03:14:58.625Z] Checked if tokens are valid: true, expires at: 1775966200663
[debug] [2026-04-12T03:14:58.668Z] >>> [apiv2][query] GET https://cloudresourcemanager.googleapis.com/v1/projects/projectmate-485110 [none]
[debug] [2026-04-12T03:14:59.549Z] <<< [apiv2][status] GET https://cloudresourcemanager.googleapis.com/v1/projects/projectmate-485110 200
[debug] [2026-04-12T03:14:59.549Z] <<< [apiv2][body] GET https://cloudresourcemanager.googleapis.com/v1/projects/projectmate-485110 {"projectNumber":"369127916461","projectId":"projectmate-485110","lifecycleState":"ACTIVE","name":"ProjectMate","labels":{"firebase":"enabled","firebase-core":"disabled"},"createTime":"2026-01-22T10:33:01.499956Z"}
[debug] [2026-04-12T03:14:59.557Z] Checked if tokens are valid: true, expires at: 1775966200663
[debug] [2026-04-12T03:14:59.571Z] Checked if tokens are valid: true, expires at: 1775966200663
[debug] [2026-04-12T03:14:59.576Z] >>> [apiv2][query] GET https://compute.googleapis.com/compute/v1/projects/369127916461 [none]
[debug] [2026-04-12T03:15:00.558Z] <<< [apiv2][status] GET https://compute.googleapis.com/compute/v1/projects/369127916461 403
[debug] [2026-04-12T03:15:00.558Z] <<< [apiv2][body] GET https://compute.googleapis.com/compute/v1/projects/369127916461 {"error":{"code":403,"message":"Compute Engine API has not been used in project 369127916461 before or it is disabled. Enable it by visiting https://console.developers.google.com/apis/api/compute.googleapis.com/overview?project=369127916461 then retry. If you enabled this API recently, wait a few minutes for the action to propagate to our systems and retry.","errors":[{"message":"Compute Engine API has not been used in project 369127916461 before or it is disabled. Enable it by visiting https://console.developers.google.com/apis/api/compute.googleapis.com/overview?project=369127916461 then retry. If you enabled this API recently, wait a few minutes for the action to propagate to our systems and retry.","domain":"usageLimits","reason":"accessNotConfigured","extendedHelp":"https://console.developers.google.com"}],"status":"PERMISSION_DENIED","details":[{"@type":"type.googleapis.com/google.rpc.ErrorInfo","reason":"SERVICE_DISABLED","domain":"googleapis.com","metadata":{"consumer":"projects/369127916461","activationUrl":"https://console.developers.google.com/apis/api/compute.googleapis.com/overview?project=369127916461","containerInfo":"369127916461","serviceTitle":"Compute Engine API","service":"compute.googleapis.com"}},{"@type":"type.googleapis.com/google.rpc.LocalizedMessage","locale":"en-US","message":"Compute Engine API has not been used in project 369127916461 before or it is disabled. Enable it by visiting https://console.developers.google.com/apis/api/compute.googleapis.com/overview?project=369127916461 then retry. If you enabled this API recently, wait a few minutes for the action to propagate to our systems and retry."},{"@type":"type.googleapis.com/google.rpc.Help","links":[{"description":"Google developers console API activation","url":"https://console.developers.google.com/apis/api/compute.googleapis.com/overview?project=369127916461"}]}]}}
[debug] [2026-04-12T03:15:00.565Z] unable to look up default compute service account. Falling back to 369127916461-compute@developer.gserviceaccount.com. Error: {"name":"FirebaseError","children":[],"context":{"body":{"error":{"code":403,"message":"Compute Engine API has not been used in project 369127916461 before or it is disabled. Enable it by visiting https://console.developers.google.com/apis/api/compute.googleapis.com/overview?project=369127916461 then retry. If you enabled this API recently, wait a few minutes for the action to propagate to our systems and retry.","errors":[{"message":"Compute Engine API has not been used in project 369127916461 before or it is disabled. Enable it by visiting https://console.developers.google.com/apis/api/compute.googleapis.com/overview?project=369127916461 then retry. If you enabled this API recently, wait a few minutes for the action to propagate to our systems and retry.","domain":"usageLimits","reason":"accessNotConfigured","extendedHelp":"https://console.developers.google.com"}],"status":"PERMISSION_DENIED","details":[{"@type":"type.googleapis.com/google.rpc.ErrorInfo","reason":"SERVICE_DISABLED","domain":"googleapis.com","metadata":{"consumer":"projects/369127916461","activationUrl":"https://console.developers.google.com/apis/api/compute.googleapis.com/overview?project=369127916461","containerInfo":"369127916461","serviceTitle":"Compute Engine API","service":"compute.googleapis.com"}},{"@type":"type.googleapis.com/google.rpc.LocalizedMessage","locale":"en-US","message":"Compute Engine API has not been used in project 369127916461 before or it is disabled. Enable it by visiting https://console.developers.google.com/apis/api/compute.googleapis.com/overview?project=369127916461 then retry. If you enabled this API recently, wait a few minutes for the action to propagate to our systems and retry."},{"@type":"type.googleapis.com/google.rpc.Help","links":[{"description":"Google developers console API activation","url":"https://console.developers.google.com/apis/api/compute.googleapis.com/overview?project=369127916461"}]}]}},"response":{"statusCode":403}},"exit":1,"message":"Request to https://compute.googleapis.com/compute/v1/projects/369127916461 had HTTP Error: 403, Compute Engine API has not been used in project 369127916461 before or it is disabled. Enable it by visiting https://console.developers.google.com/apis/api/compute.googleapis.com/overview?project=369127916461 then retry. If you enabled this API recently, wait a few minutes for the action to propagate to our systems and retry.","status":403}
[debug] [2026-04-12T03:15:00.567Z] Checked if tokens are valid: true, expires at: 1775966200663
[debug] [2026-04-12T03:15:00.567Z] Checked if tokens are valid: true, expires at: 1775966200663
[debug] [2026-04-12T03:15:00.587Z] >>> [apiv2][query] GET https://compute.googleapis.com/compute/v1/projects/369127916461 [none]
[debug] [2026-04-12T03:15:02.075Z] <<< [apiv2][status] GET https://compute.googleapis.com/compute/v1/projects/369127916461 403
[debug] [2026-04-12T03:15:02.076Z] <<< [apiv2][body] GET https://compute.googleapis.com/compute/v1/projects/369127916461 {"error":{"code":403,"message":"Compute Engine API has not been used in project 369127916461 before or it is disabled. Enable it by visiting https://console.developers.google.com/apis/api/compute.googleapis.com/overview?project=369127916461 then retry. If you enabled this API recently, wait a few minutes for the action to propagate to our systems and retry.","errors":[{"message":"Compute Engine API has not been used in project 369127916461 before or it is disabled. Enable it by visiting https://console.developers.google.com/apis/api/compute.googleapis.com/overview?project=369127916461 then retry. If you enabled this API recently, wait a few minutes for the action to propagate to our systems and retry.","domain":"usageLimits","reason":"accessNotConfigured","extendedHelp":"https://console.developers.google.com"}],"status":"PERMISSION_DENIED","details":[{"@type":"type.googleapis.com/google.rpc.ErrorInfo","reason":"SERVICE_DISABLED","domain":"googleapis.com","metadata":{"serviceTitle":"Compute Engine API","service":"compute.googleapis.com","containerInfo":"369127916461","activationUrl":"https://console.developers.google.com/apis/api/compute.googleapis.com/overview?project=369127916461","consumer":"projects/369127916461"}},{"@type":"type.googleapis.com/google.rpc.LocalizedMessage","locale":"en-US","message":"Compute Engine API has not been used in project 369127916461 before or it is disabled. Enable it by visiting https://console.developers.google.com/apis/api/compute.googleapis.com/overview?project=369127916461 then retry. If you enabled this API recently, wait a few minutes for the action to propagate to our systems and retry."},{"@type":"type.googleapis.com/google.rpc.Help","links":[{"description":"Google developers console API activation","url":"https://console.developers.google.com/apis/api/compute.googleapis.com/overview?project=369127916461"}]}]}}
[debug] [2026-04-12T03:15:02.081Z] unable to look up default compute service account. Falling back to 369127916461-compute@developer.gserviceaccount.com. Error: {"name":"FirebaseError","children":[],"context":{"body":{"error":{"code":403,"message":"Compute Engine API has not been used in project 369127916461 before or it is disabled. Enable it by visiting https://console.developers.google.com/apis/api/compute.googleapis.com/overview?project=369127916461 then retry. If you enabled this API recently, wait a few minutes for the action to propagate to our systems and retry.","errors":[{"message":"Compute Engine API has not been used in project 369127916461 before or it is disabled. Enable it by visiting https://console.developers.google.com/apis/api/compute.googleapis.com/overview?project=369127916461 then retry. If you enabled this API recently, wait a few minutes for the action to propagate to our systems and retry.","domain":"usageLimits","reason":"accessNotConfigured","extendedHelp":"https://console.developers.google.com"}],"status":"PERMISSION_DENIED","details":[{"@type":"type.googleapis.com/google.rpc.ErrorInfo","reason":"SERVICE_DISABLED","domain":"googleapis.com","metadata":{"serviceTitle":"Compute Engine API","service":"compute.googleapis.com","containerInfo":"369127916461","activationUrl":"https://console.developers.google.com/apis/api/compute.googleapis.com/overview?project=369127916461","consumer":"projects/369127916461"}},{"@type":"type.googleapis.com/google.rpc.LocalizedMessage","locale":"en-US","message":"Compute Engine API has not been used in project 369127916461 before or it is disabled. Enable it by visiting https://console.developers.google.com/apis/api/compute.googleapis.com/overview?project=369127916461 then retry. If you enabled this API recently, wait a few minutes for the action to propagate to our systems and retry."},{"@type":"type.googleapis.com/google.rpc.Help","links":[{"description":"Google developers console API activation","url":"https://console.developers.google.com/apis/api/compute.googleapis.com/overview?project=369127916461"}]}]}},"response":{"statusCode":403}},"exit":1,"message":"Request to https://compute.googleapis.com/compute/v1/projects/369127916461 had HTTP Error: 403, Compute Engine API has not been used in project 369127916461 before or it is disabled. Enable it by visiting https://console.developers.google.com/apis/api/compute.googleapis.com/overview?project=369127916461 then retry. If you enabled this API recently, wait a few minutes for the action to propagate to our systems and retry.","status":403}
[debug] [2026-04-12T03:15:02.083Z] Checked if tokens are valid: true, expires at: 1775966200663
[debug] [2026-04-12T03:15:02.083Z] Checked if tokens are valid: true, expires at: 1775966200663
[debug] [2026-04-12T03:15:02.100Z] >>> [apiv2][query] GET https://compute.googleapis.com/compute/v1/projects/369127916461 [none]
[debug] [2026-04-12T03:15:02.433Z] <<< [apiv2][status] GET https://compute.googleapis.com/compute/v1/projects/369127916461 403
[debug] [2026-04-12T03:15:02.434Z] <<< [apiv2][body] GET https://compute.googleapis.com/compute/v1/projects/369127916461 {"error":{"code":403,"message":"Compute Engine API has not been used in project 369127916461 before or it is disabled. Enable it by visiting https://console.developers.google.com/apis/api/compute.googleapis.com/overview?project=369127916461 then retry. If you enabled this API recently, wait a few minutes for the action to propagate to our systems and retry.","errors":[{"message":"Compute Engine API has not been used in project 369127916461 before or it is disabled. Enable it by visiting https://console.developers.google.com/apis/api/compute.googleapis.com/overview?project=369127916461 then retry. If you enabled this API recently, wait a few minutes for the action to propagate to our systems and retry.","domain":"usageLimits","reason":"accessNotConfigured","extendedHelp":"https://console.developers.google.com"}],"status":"PERMISSION_DENIED","details":[{"@type":"type.googleapis.com/google.rpc.ErrorInfo","reason":"SERVICE_DISABLED","domain":"googleapis.com","metadata":{"consumer":"projects/369127916461","activationUrl":"https://console.developers.google.com/apis/api/compute.googleapis.com/overview?project=369127916461","serviceTitle":"Compute Engine API","service":"compute.googleapis.com","containerInfo":"369127916461"}},{"@type":"type.googleapis.com/google.rpc.LocalizedMessage","locale":"en-US","message":"Compute Engine API has not been used in project 369127916461 before or it is disabled. Enable it by visiting https://console.developers.google.com/apis/api/compute.googleapis.com/overview?project=369127916461 then retry. If you enabled this API recently, wait a few minutes for the action to propagate to our systems and retry."},{"@type":"type.googleapis.com/google.rpc.Help","links":[{"description":"Google developers console API activation","url":"https://console.developers.google.com/apis/api/compute.googleapis.com/overview?project=369127916461"}]}]}}
[debug] [2026-04-12T03:15:02.438Z] unable to look up default compute service account. Falling back to 369127916461-compute@developer.gserviceaccount.com. Error: {"name":"FirebaseError","children":[],"context":{"body":{"error":{"code":403,"message":"Compute Engine API has not been used in project 369127916461 before or it is disabled. Enable it by visiting https://console.developers.google.com/apis/api/compute.googleapis.com/overview?project=369127916461 then retry. If you enabled this API recently, wait a few minutes for the action to propagate to our systems and retry.","errors":[{"message":"Compute Engine API has not been used in project 369127916461 before or it is disabled. Enable it by visiting https://console.developers.google.com/apis/api/compute.googleapis.com/overview?project=369127916461 then retry. If you enabled this API recently, wait a few minutes for the action to propagate to our systems and retry.","domain":"usageLimits","reason":"accessNotConfigured","extendedHelp":"https://console.developers.google.com"}],"status":"PERMISSION_DENIED","details":[{"@type":"type.googleapis.com/google.rpc.ErrorInfo","reason":"SERVICE_DISABLED","domain":"googleapis.com","metadata":{"consumer":"projects/369127916461","activationUrl":"https://console.developers.google.com/apis/api/compute.googleapis.com/overview?project=369127916461","serviceTitle":"Compute Engine API","service":"compute.googleapis.com","containerInfo":"369127916461"}},{"@type":"type.googleapis.com/google.rpc.LocalizedMessage","locale":"en-US","message":"Compute Engine API has not been used in project 369127916461 before or it is disabled. Enable it by visiting https://console.developers.google.com/apis/api/compute.googleapis.com/overview?project=369127916461 then retry. If you enabled this API recently, wait a few minutes for the action to propagate to our systems and retry."},{"@type":"type.googleapis.com/google.rpc.Help","links":[{"description":"Google developers console API activation","url":"https://console.developers.google.com/apis/api/compute.googleapis.com/overview?project=369127916461"}]}]}},"response":{"statusCode":403}},"exit":1,"message":"Request to https://compute.googleapis.com/compute/v1/projects/369127916461 had HTTP Error: 403, Compute Engine API has not been used in project 369127916461 before or it is disabled. Enable it by visiting https://console.developers.google.com/apis/api/compute.googleapis.com/overview?project=369127916461 then retry. If you enabled this API recently, wait a few minutes for the action to propagate to our systems and retry.","status":403}
[debug] [2026-04-12T03:15:02.441Z] Checked if tokens are valid: true, expires at: 1775966200663
[debug] [2026-04-12T03:15:02.473Z] Checked if tokens are valid: true, expires at: 1775966200663
[debug] [2026-04-12T03:15:02.474Z] >>> [apiv2][query] GET https://compute.googleapis.com/compute/v1/projects/369127916461 [none]
[debug] [2026-04-12T03:15:02.812Z] <<< [apiv2][status] GET https://compute.googleapis.com/compute/v1/projects/369127916461 403
[debug] [2026-04-12T03:15:02.813Z] <<< [apiv2][body] GET https://compute.googleapis.com/compute/v1/projects/369127916461 {"error":{"code":403,"message":"Compute Engine API has not been used in project 369127916461 before or it is disabled. Enable it by visiting https://console.developers.google.com/apis/api/compute.googleapis.com/overview?project=369127916461 then retry. If you enabled this API recently, wait a few minutes for the action to propagate to our systems and retry.","errors":[{"message":"Compute Engine API has not been used in project 369127916461 before or it is disabled. Enable it by visiting https://console.developers.google.com/apis/api/compute.googleapis.com/overview?project=369127916461 then retry. If you enabled this API recently, wait a few minutes for the action to propagate to our systems and retry.","domain":"usageLimits","reason":"accessNotConfigured","extendedHelp":"https://console.developers.google.com"}],"status":"PERMISSION_DENIED","details":[{"@type":"type.googleapis.com/google.rpc.ErrorInfo","reason":"SERVICE_DISABLED","domain":"googleapis.com","metadata":{"containerInfo":"369127916461","activationUrl":"https://console.developers.google.com/apis/api/compute.googleapis.com/overview?project=369127916461","service":"compute.googleapis.com","consumer":"projects/369127916461","serviceTitle":"Compute Engine API"}},{"@type":"type.googleapis.com/google.rpc.LocalizedMessage","locale":"en-US","message":"Compute Engine API has not been used in project 369127916461 before or it is disabled. Enable it by visiting https://console.developers.google.com/apis/api/compute.googleapis.com/overview?project=369127916461 then retry. If you enabled this API recently, wait a few minutes for the action to propagate to our systems and retry."},{"@type":"type.googleapis.com/google.rpc.Help","links":[{"description":"Google developers console API activation","url":"https://console.developers.google.com/apis/api/compute.googleapis.com/overview?project=369127916461"}]}]}}
[debug] [2026-04-12T03:15:02.857Z] unable to look up default compute service account. Falling back to 369127916461-compute@developer.gserviceaccount.com. Error: {"name":"FirebaseError","children":[],"context":{"body":{"error":{"code":403,"message":"Compute Engine API has not been used in project 369127916461 before or it is disabled. Enable it by visiting https://console.developers.google.com/apis/api/compute.googleapis.com/overview?project=369127916461 then retry. If you enabled this API recently, wait a few minutes for the action to propagate to our systems and retry.","errors":[{"message":"Compute Engine API has not been used in project 369127916461 before or it is disabled. Enable it by visiting https://console.developers.google.com/apis/api/compute.googleapis.com/overview?project=369127916461 then retry. If you enabled this API recently, wait a few minutes for the action to propagate to our systems and retry.","domain":"usageLimits","reason":"accessNotConfigured","extendedHelp":"https://console.developers.google.com"}],"status":"PERMISSION_DENIED","details":[{"@type":"type.googleapis.com/google.rpc.ErrorInfo","reason":"SERVICE_DISABLED","domain":"googleapis.com","metadata":{"containerInfo":"369127916461","activationUrl":"https://console.developers.google.com/apis/api/compute.googleapis.com/overview?project=369127916461","service":"compute.googleapis.com","consumer":"projects/369127916461","serviceTitle":"Compute Engine API"}},{"@type":"type.googleapis.com/google.rpc.LocalizedMessage","locale":"en-US","message":"Compute Engine API has not been used in project 369127916461 before or it is disabled. Enable it by visiting https://console.developers.google.com/apis/api/compute.googleapis.com/overview?project=369127916461 then retry. If you enabled this API recently, wait a few minutes for the action to propagate to our systems and retry."},{"@type":"type.googleapis.com/google.rpc.Help","links":[{"description":"Google developers console API activation","url":"https://console.developers.google.com/apis/api/compute.googleapis.com/overview?project=369127916461"}]}]}},"response":{"statusCode":403}},"exit":1,"message":"Request to https://compute.googleapis.com/compute/v1/projects/369127916461 had HTTP Error: 403, Compute Engine API has not been used in project 369127916461 before or it is disabled. Enable it by visiting https://console.developers.google.com/apis/api/compute.googleapis.com/overview?project=369127916461 then retry. If you enabled this API recently, wait a few minutes for the action to propagate to our systems and retry.","status":403}
[debug] [2026-04-12T03:15:02.889Z] Checked if tokens are valid: true, expires at: 1775966200663
[debug] [2026-04-12T03:15:02.905Z] Checked if tokens are valid: true, expires at: 1775966200663
[debug] [2026-04-12T03:15:02.936Z] >>> [apiv2][query] GET https://compute.googleapis.com/compute/v1/projects/369127916461 [none]
[debug] [2026-04-12T03:15:03.267Z] <<< [apiv2][status] GET https://compute.googleapis.com/compute/v1/projects/369127916461 403
[debug] [2026-04-12T03:15:03.268Z] <<< [apiv2][body] GET https://compute.googleapis.com/compute/v1/projects/369127916461 {"error":{"code":403,"message":"Compute Engine API has not been used in project 369127916461 before or it is disabled. Enable it by visiting https://console.developers.google.com/apis/api/compute.googleapis.com/overview?project=369127916461 then retry. If you enabled this API recently, wait a few minutes for the action to propagate to our systems and retry.","errors":[{"message":"Compute Engine API has not been used in project 369127916461 before or it is disabled. Enable it by visiting https://console.developers.google.com/apis/api/compute.googleapis.com/overview?project=369127916461 then retry. If you enabled this API recently, wait a few minutes for the action to propagate to our systems and retry.","domain":"usageLimits","reason":"accessNotConfigured","extendedHelp":"https://console.developers.google.com"}],"status":"PERMISSION_DENIED","details":[{"@type":"type.googleapis.com/google.rpc.ErrorInfo","reason":"SERVICE_DISABLED","domain":"googleapis.com","metadata":{"serviceTitle":"Compute Engine API","activationUrl":"https://console.developers.google.com/apis/api/compute.googleapis.com/overview?project=369127916461","service":"compute.googleapis.com","consumer":"projects/369127916461","containerInfo":"369127916461"}},{"@type":"type.googleapis.com/google.rpc.LocalizedMessage","locale":"en-US","message":"Compute Engine API has not been used in project 369127916461 before or it is disabled. Enable it by visiting https://console.developers.google.com/apis/api/compute.googleapis.com/overview?project=369127916461 then retry. If you enabled this API recently, wait a few minutes for the action to propagate to our systems and retry."},{"@type":"type.googleapis.com/google.rpc.Help","links":[{"description":"Google developers console API activation","url":"https://console.developers.google.com/apis/api/compute.googleapis.com/overview?project=369127916461"}]}]}}
[debug] [2026-04-12T03:15:03.272Z] unable to look up default compute service account. Falling back to 369127916461-compute@developer.gserviceaccount.com. Error: {"name":"FirebaseError","children":[],"context":{"body":{"error":{"code":403,"message":"Compute Engine API has not been used in project 369127916461 before or it is disabled. Enable it by visiting https://console.developers.google.com/apis/api/compute.googleapis.com/overview?project=369127916461 then retry. If you enabled this API recently, wait a few minutes for the action to propagate to our systems and retry.","errors":[{"message":"Compute Engine API has not been used in project 369127916461 before or it is disabled. Enable it by visiting https://console.developers.google.com/apis/api/compute.googleapis.com/overview?project=369127916461 then retry. If you enabled this API recently, wait a few minutes for the action to propagate to our systems and retry.","domain":"usageLimits","reason":"accessNotConfigured","extendedHelp":"https://console.developers.google.com"}],"status":"PERMISSION_DENIED","details":[{"@type":"type.googleapis.com/google.rpc.ErrorInfo","reason":"SERVICE_DISABLED","domain":"googleapis.com","metadata":{"serviceTitle":"Compute Engine API","activationUrl":"https://console.developers.google.com/apis/api/compute.googleapis.com/overview?project=369127916461","service":"compute.googleapis.com","consumer":"projects/369127916461","containerInfo":"369127916461"}},{"@type":"type.googleapis.com/google.rpc.LocalizedMessage","locale":"en-US","message":"Compute Engine API has not been used in project 369127916461 before or it is disabled. Enable it by visiting https://console.developers.google.com/apis/api/compute.googleapis.com/overview?project=369127916461 then retry. If you enabled this API recently, wait a few minutes for the action to propagate to our systems and retry."},{"@type":"type.googleapis.com/google.rpc.Help","links":[{"description":"Google developers console API activation","url":"https://console.developers.google.com/apis/api/compute.googleapis.com/overview?project=369127916461"}]}]}},"response":{"statusCode":403}},"exit":1,"message":"Request to https://compute.googleapis.com/compute/v1/projects/369127916461 had HTTP Error: 403, Compute Engine API has not been used in project 369127916461 before or it is disabled. Enable it by visiting https://console.developers.google.com/apis/api/compute.googleapis.com/overview?project=369127916461 then retry. If you enabled this API recently, wait a few minutes for the action to propagate to our systems and retry.","status":403}
[debug] [2026-04-12T03:15:03.291Z] Checked if tokens are valid: true, expires at: 1775966200663
[debug] [2026-04-12T03:15:03.308Z] Checked if tokens are valid: true, expires at: 1775966200663
[debug] [2026-04-12T03:15:03.321Z] >>> [apiv2][query] GET https://compute.googleapis.com/compute/v1/projects/369127916461 [none]
[debug] [2026-04-12T03:15:03.656Z] <<< [apiv2][status] GET https://compute.googleapis.com/compute/v1/projects/369127916461 403
[debug] [2026-04-12T03:15:03.657Z] <<< [apiv2][body] GET https://compute.googleapis.com/compute/v1/projects/369127916461 {"error":{"code":403,"message":"Compute Engine API has not been used in project 369127916461 before or it is disabled. Enable it by visiting https://console.developers.google.com/apis/api/compute.googleapis.com/overview?project=369127916461 then retry. If you enabled this API recently, wait a few minutes for the action to propagate to our systems and retry.","errors":[{"message":"Compute Engine API has not been used in project 369127916461 before or it is disabled. Enable it by visiting https://console.developers.google.com/apis/api/compute.googleapis.com/overview?project=369127916461 then retry. If you enabled this API recently, wait a few minutes for the action to propagate to our systems and retry.","domain":"usageLimits","reason":"accessNotConfigured","extendedHelp":"https://console.developers.google.com"}],"status":"PERMISSION_DENIED","details":[{"@type":"type.googleapis.com/google.rpc.ErrorInfo","reason":"SERVICE_DISABLED","domain":"googleapis.com","metadata":{"containerInfo":"369127916461","service":"compute.googleapis.com","consumer":"projects/369127916461","activationUrl":"https://console.developers.google.com/apis/api/compute.googleapis.com/overview?project=369127916461","serviceTitle":"Compute Engine API"}},{"@type":"type.googleapis.com/google.rpc.LocalizedMessage","locale":"en-US","message":"Compute Engine API has not been used in project 369127916461 before or it is disabled. Enable it by visiting https://console.developers.google.com/apis/api/compute.googleapis.com/overview?project=369127916461 then retry. If you enabled this API recently, wait a few minutes for the action to propagate to our systems and retry."},{"@type":"type.googleapis.com/google.rpc.Help","links":[{"description":"Google developers console API activation","url":"https://console.developers.google.com/apis/api/compute.googleapis.com/overview?project=369127916461"}]}]}}
[debug] [2026-04-12T03:15:03.659Z] unable to look up default compute service account. Falling back to 369127916461-compute@developer.gserviceaccount.com. Error: {"name":"FirebaseError","children":[],"context":{"body":{"error":{"code":403,"message":"Compute Engine API has not been used in project 369127916461 before or it is disabled. Enable it by visiting https://console.developers.google.com/apis/api/compute.googleapis.com/overview?project=369127916461 then retry. If you enabled this API recently, wait a few minutes for the action to propagate to our systems and retry.","errors":[{"message":"Compute Engine API has not been used in project 369127916461 before or it is disabled. Enable it by visiting https://console.developers.google.com/apis/api/compute.googleapis.com/overview?project=369127916461 then retry. If you enabled this API recently, wait a few minutes for the action to propagate to our systems and retry.","domain":"usageLimits","reason":"accessNotConfigured","extendedHelp":"https://console.developers.google.com"}],"status":"PERMISSION_DENIED","details":[{"@type":"type.googleapis.com/google.rpc.ErrorInfo","reason":"SERVICE_DISABLED","domain":"googleapis.com","metadata":{"containerInfo":"369127916461","service":"compute.googleapis.com","consumer":"projects/369127916461","activationUrl":"https://console.developers.google.com/apis/api/compute.googleapis.com/overview?project=369127916461","serviceTitle":"Compute Engine API"}},{"@type":"type.googleapis.com/google.rpc.LocalizedMessage","locale":"en-US","message":"Compute Engine API has not been used in project 369127916461 before or it is disabled. Enable it by visiting https://console.developers.google.com/apis/api/compute.googleapis.com/overview?project=369127916461 then retry. If you enabled this API recently, wait a few minutes for the action to propagate to our systems and retry."},{"@type":"type.googleapis.com/google.rpc.Help","links":[{"description":"Google developers console API activation","url":"https://console.developers.google.com/apis/api/compute.googleapis.com/overview?project=369127916461"}]}]}},"response":{"statusCode":403}},"exit":1,"message":"Request to https://compute.googleapis.com/compute/v1/projects/369127916461 had HTTP Error: 403, Compute Engine API has not been used in project 369127916461 before or it is disabled. Enable it by visiting https://console.developers.google.com/apis/api/compute.googleapis.com/overview?project=369127916461 then retry. If you enabled this API recently, wait a few minutes for the action to propagate to our systems and retry.","status":403}
[debug] [2026-04-12T03:15:03.665Z] Checked if tokens are valid: true, expires at: 1775966200663
[debug] [2026-04-12T03:15:03.666Z] Checked if tokens are valid: true, expires at: 1775966200663
[debug] [2026-04-12T03:15:03.675Z] >>> [apiv2][query] GET https://cloudbilling.googleapis.com/v1/projects/projectmate-485110/billingInfo [none]
[debug] [2026-04-12T03:15:04.601Z] <<< [apiv2][status] GET https://cloudbilling.googleapis.com/v1/projects/projectmate-485110/billingInfo 200
[debug] [2026-04-12T03:15:04.601Z] <<< [apiv2][body] GET https://cloudbilling.googleapis.com/v1/projects/projectmate-485110/billingInfo {"name":"projects/projectmate-485110/billingInfo","projectId":"projectmate-485110","billingAccountName":"billingAccounts/01EC3B-4E60C4-B79C63","billingEnabled":true}
[debug] [2026-04-12T03:15:04.616Z] Checked if tokens are valid: true, expires at: 1775966200663
[debug] [2026-04-12T03:15:04.621Z] Checked if tokens are valid: true, expires at: 1775966200663
[debug] [2026-04-12T03:15:04.625Z] >>> [apiv2][query] POST https://cloudfunctions.googleapis.com/v2/projects/projectmate-485110/locations/us-central1/functions:generateUploadUrl [none]
[debug] [2026-04-12T03:15:05.617Z] <<< [apiv2][status] POST https://cloudfunctions.googleapis.com/v2/projects/projectmate-485110/locations/us-central1/functions:generateUploadUrl 200
[debug] [2026-04-12T03:15:05.618Z] <<< [apiv2][body] POST https://cloudfunctions.googleapis.com/v2/projects/projectmate-485110/locations/us-central1/functions:generateUploadUrl {"uploadUrl":"https://storage.googleapis.com/gcf-v2-uploads-369127916461.us-central1.cloudfunctions.appspot.com/baf0f1c0-fd67-4ade-b0b4-bf07461abfbb.zip?GoogleAccessId=service-369127916461@gcf-admin-robot.iam.gserviceaccount.com&Expires=1775965507&Signature=E%2BfL%2FNBCkqe91HDXaz1V%2BPjqfxuvBCSWUMIefJB0fmXlM%2Flwe1MRkn1KRfQCxSwDrI420vX7d%2FX4xLjdkT9RzffBIdGNucu4jUCy8wKF5%2B47ronutUJkaAo8lPsg3%2FqHo%2ByMmdxON4fetAbctLwhU2%2BhG7%2BNleBouxUmD67TIaiF39jJwFG4c5NmBV0f3xxTGmoqLhtSJ5C9mYZcun2j5okd8XBMadSg0Xx%2FP4MzRzAEB88%2F3xknbasw3PN0%2FkXXE1dXUrVYry7kHigzvoK9mcHUr0V4%2F2SvhjcyUhAOI9UE3dVFZQSs1eUxNPgZn3ly9MIGkbfZtaQU8r7mdFjG0w%3D%3D","storageSource":{"bucket":"gcf-v2-uploads-369127916461.us-central1.cloudfunctions.appspot.com","object":"baf0f1c0-fd67-4ade-b0b4-bf07461abfbb.zip"}}
[debug] [2026-04-12T03:15:05.635Z] >>> [apiv2][query] PUT https://storage.googleapis.com/gcf-v2-uploads-369127916461.us-central1.cloudfunctions.appspot.com/baf0f1c0-fd67-4ade-b0b4-bf07461abfbb.zip GoogleAccessId=service-369127916461%40gcf-admin-robot.iam.gserviceaccount.com&Expires=1775965507&Signature=E%2BfL%2FNBCkqe91HDXaz1V%2BPjqfxuvBCSWUMIefJB0fmXlM%2Flwe1MRkn1KRfQCxSwDrI420vX7d%2FX4xLjdkT9RzffBIdGNucu4jUCy8wKF5%2B47ronutUJkaAo8lPsg3%2FqHo%2ByMmdxON4fetAbctLwhU2%2BhG7%2BNleBouxUmD67TIaiF39jJwFG4c5NmBV0f3xxTGmoqLhtSJ5C9mYZcun2j5okd8XBMadSg0Xx%2FP4MzRzAEB88%2F3xknbasw3PN0%2FkXXE1dXUrVYry7kHigzvoK9mcHUr0V4%2F2SvhjcyUhAOI9UE3dVFZQSs1eUxNPgZn3ly9MIGkbfZtaQU8r7mdFjG0w%3D%3D
[debug] [2026-04-12T03:15:05.636Z] >>> [apiv2][body] PUT https://storage.googleapis.com/gcf-v2-uploads-369127916461.us-central1.cloudfunctions.appspot.com/baf0f1c0-fd67-4ade-b0b4-bf07461abfbb.zip [stream]
[debug] [2026-04-12T03:15:07.550Z] <<< [apiv2][status] PUT https://storage.googleapis.com/gcf-v2-uploads-369127916461.us-central1.cloudfunctions.appspot.com/baf0f1c0-fd67-4ade-b0b4-bf07461abfbb.zip 200
[debug] [2026-04-12T03:15:07.550Z] <<< [apiv2][body] PUT https://storage.googleapis.com/gcf-v2-uploads-369127916461.us-central1.cloudfunctions.appspot.com/baf0f1c0-fd67-4ade-b0b4-bf07461abfbb.zip [omitted]
[info] +  functions: functions source uploaded successfully 
[info] i  functions: updating Node.js 20 (2nd Gen) function paystackWebhook(us-central1)... 
[info] i  functions: updating Node.js 20 (2nd Gen) function generateTopics(us-central1)... 
[info] i  functions: updating Node.js 20 (2nd Gen) function generateOutline(us-central1)... 
[info] i  functions: updating Node.js 20 (2nd Gen) function generateChapterStream(us-central1)... 
[info] i  functions: updating Node.js 20 (2nd Gen) function generateSectionStream(us-central1)... 
[info] i  functions: updating Node.js 20 (2nd Gen) function elaborateStream(us-central1)... 
[debug] [2026-04-12T03:15:07.742Z] Checked if tokens are valid: true, expires at: 1775966200663
[debug] [2026-04-12T03:15:07.752Z] Checked if tokens are valid: true, expires at: 1775966200663
[debug] [2026-04-12T03:15:07.759Z] >>> [apiv2][query] PATCH https://cloudfunctions.googleapis.com/v2/projects/projectmate-485110/locations/us-central1/functions/paystackWebhook updateMask=name%2CbuildConfig.runtime%2CbuildConfig.entryPoint%2CbuildConfig.source.storageSource.bucket%2CbuildConfig.source.storageSource.object%2CbuildConfig.environmentVariables%2CbuildConfig.sourceToken%2CserviceConfig.environmentVariables%2CserviceConfig.secretEnvironmentVariables%2CserviceConfig.ingressSettings%2CserviceConfig.timeoutSeconds%2CserviceConfig.serviceAccountEmail%2CserviceConfig.availableMemory%2CserviceConfig.minInstanceCount%2CserviceConfig.maxInstanceCount%2CserviceConfig.maxInstanceRequestConcurrency%2CserviceConfig.availableCpu%2CserviceConfig.vpcConnector%2CserviceConfig.vpcConnectorEgressSettings%2CserviceConfig.directVpcNetworkInterface%2CserviceConfig.directVpcEgress%2Clabels
[debug] [2026-04-12T03:15:07.776Z] >>> [apiv2][body] PATCH https://cloudfunctions.googleapis.com/v2/projects/projectmate-485110/locations/us-central1/functions/paystackWebhook {"name":"projects/projectmate-485110/locations/us-central1/functions/paystackWebhook","buildConfig":{"runtime":"nodejs20","entryPoint":"paystackWebhook","source":{"storageSource":{"bucket":"gcf-v2-uploads-369127916461.us-central1.cloudfunctions.appspot.com","object":"baf0f1c0-fd67-4ade-b0b4-bf07461abfbb.zip"}},"environmentVariables":{"GOOGLE_NODE_RUN_SCRIPTS":""}},"serviceConfig":{"environmentVariables":{"FIREBASE_CONFIG":"{\"projectId\":\"projectmate-485110\",\"storageBucket\":\"projectmate-485110.firebasestorage.app\"}","GCLOUD_PROJECT":"projectmate-485110","EVENTARC_CLOUD_EVENT_SOURCE":"projects/projectmate-485110/locations/us-central1/services/paystackWebhook","FUNCTION_TARGET":"paystackWebhook","LOG_EXECUTION_ID":"true"},"secretEnvironmentVariables":[{"key":"PAYSTACK_SECRET_KEY","secret":"PAYSTACK_SECRET_KEY","projectId":"projectmate-485110","version":"2"}],"ingressSettings":null,"timeoutSeconds":null,"serviceAccountEmail":null,"availableMemory":"256Mi","minInstanceCount":null,"maxInstanceCount":null,"maxInstanceRequestConcurrency":80,"availableCpu":"1","vpcConnector":null,"vpcConnectorEgressSettings":null,"directVpcNetworkInterface":null,"directVpcEgress":null},"labels":{"deployment-tool":"cli-firebase","firebase-functions-hash":"82dbe9dec978ac680a76a7c2e4533619edaf9c8c"}}
[debug] [2026-04-12T03:15:09.203Z] <<< [apiv2][status] PATCH https://cloudfunctions.googleapis.com/v2/projects/projectmate-485110/locations/us-central1/functions/paystackWebhook 200
[debug] [2026-04-12T03:15:09.204Z] <<< [apiv2][body] PATCH https://cloudfunctions.googleapis.com/v2/projects/projectmate-485110/locations/us-central1/functions/paystackWebhook {"name":"projects/projectmate-485110/locations/us-central1/operations/operation-1775963709764-64f3ac60df3eb-37332990-485fdf79","metadata":{"@type":"type.googleapis.com/google.cloud.functions.v2.OperationMetadata","createTime":"2026-04-12T03:15:10.738115863Z","target":"projects/projectmate-485110/locations/us-central1/functions/paystackWebhook","verb":"update","cancelRequested":false,"apiVersion":"v2"},"done":false}
[debug] [2026-04-12T03:15:09.207Z] Checked if tokens are valid: true, expires at: 1775966200663
[debug] [2026-04-12T03:15:09.209Z] Checked if tokens are valid: true, expires at: 1775966200663
[debug] [2026-04-12T03:15:09.222Z] >>> [apiv2][query] GET https://cloudfunctions.googleapis.com/v2/projects/projectmate-485110/locations/us-central1/operations/operation-1775963709764-64f3ac60df3eb-37332990-485fdf79 [none]
[debug] [2026-04-12T03:15:09.691Z] <<< [apiv2][status] GET https://cloudfunctions.googleapis.com/v2/projects/projectmate-485110/locations/us-central1/operations/operation-1775963709764-64f3ac60df3eb-37332990-485fdf79 200
[debug] [2026-04-12T03:15:09.692Z] <<< [apiv2][body] GET https://cloudfunctions.googleapis.com/v2/projects/projectmate-485110/locations/us-central1/operations/operation-1775963709764-64f3ac60df3eb-37332990-485fdf79 {"name":"projects/projectmate-485110/locations/us-central1/operations/operation-1775963709764-64f3ac60df3eb-37332990-485fdf79","metadata":{"@type":"type.googleapis.com/google.cloud.functions.v2.OperationMetadata","createTime":"2026-04-12T03:15:10.738115863Z","target":"projects/projectmate-485110/locations/us-central1/functions/paystackWebhook","verb":"update","cancelRequested":false,"apiVersion":"v2","requestResource":{"@type":"type.googleapis.com/google.cloud.functions.v2.Function","name":"projects/projectmate-485110/locations/us-central1/functions/paystackWebhook","buildConfig":{"runtime":"nodejs20","entryPoint":"paystackWebhook","source":{"storageSource":{"bucket":"gcf-v2-sources-369127916461-us-central1","object":"paystackWebhook/function-source.zip","generation":"1775963710632535"}},"environmentVariables":{"GOOGLE_NODE_RUN_SCRIPTS":""},"dockerRepository":"projects/projectmate-485110/locations/us-central1/repositories/gcf-artifacts","sourceProvenance":{"resolvedStorageSource":{"bucket":"gcf-v2-sources-369127916461-us-central1","object":"paystackWebhook/function-source.zip","generation":"1775948886933731"}},"dockerRegistry":"ARTIFACT_REGISTRY","serviceAccount":"projects/projectmate-485110/serviceAccounts/369127916461-compute@developer.gserviceaccount.com","automaticUpdatePolicy":{}},"serviceConfig":{"service":"projects/projectmate-485110/locations/us-central1/services/paystackwebhook","timeoutSeconds":60,"environmentVariables":{"FIREBASE_CONFIG":"{\"projectId\":\"projectmate-485110\",\"storageBucket\":\"projectmate-485110.firebasestorage.app\"}","GCLOUD_PROJECT":"projectmate-485110","EVENTARC_CLOUD_EVENT_SOURCE":"projects/projectmate-485110/locations/us-central1/services/paystackWebhook","FUNCTION_TARGET":"paystackWebhook","LOG_EXECUTION_ID":"true"},"ingressSettings":"ALLOW_ALL","uri":"https://paystackwebhook-7e24pliqpa-uc.a.run.app","serviceAccountEmail":"369127916461-compute@developer.gserviceaccount.com","availableMemory":"256Mi","allTrafficOnLatestRevision":true,"secretEnvironmentVariables":[{"key":"PAYSTACK_SECRET_KEY","projectId":"projectmate-485110","secret":"PAYSTACK_SECRET_KEY","version":"2"}],"revision":"paystackwebhook-00005-yem","maxInstanceRequestConcurrency":80,"availableCpu":"1"},"state":"ACTIVE","labels":{"deployment-tool":"cli-firebase","firebase-functions-hash":"82dbe9dec978ac680a76a7c2e4533619edaf9c8c"},"environment":"GEN_2","url":"https://us-central1-projectmate-485110.cloudfunctions.net/paystackWebhook","satisfiesPzi":true},"stages":[{"name":"BUILD","state":"NOT_STARTED","stateMessages":[{"severity":"WARNING","type":"BuildAnalysisWarning","message":"Node.js 20 is no longer supported by the Node.js community as of 30 April, 2026. Node.js 20 will be deprecated on 2026-04-30. We recommend you to upgrade to the latest version of Node.js as soon as possible."}]},{"name":"SERVICE","state":"NOT_STARTED"}],"operationType":"UPDATE_FUNCTION"},"done":false}
[debug] [2026-04-12T03:15:10.206Z] [update-default-us-central1-paystackWebhook] Retrying task index 0
[debug] [2026-04-12T03:15:10.207Z] Checked if tokens are valid: true, expires at: 1775966200663
[debug] [2026-04-12T03:15:10.209Z] Checked if tokens are valid: true, expires at: 1775966200663
[debug] [2026-04-12T03:15:10.213Z] >>> [apiv2][query] GET https://cloudfunctions.googleapis.com/v2/projects/projectmate-485110/locations/us-central1/operations/operation-1775963709764-64f3ac60df3eb-37332990-485fdf79 [none]
[debug] [2026-04-12T03:15:10.633Z] <<< [apiv2][status] GET https://cloudfunctions.googleapis.com/v2/projects/projectmate-485110/locations/us-central1/operations/operation-1775963709764-64f3ac60df3eb-37332990-485fdf79 200
[debug] [2026-04-12T03:15:10.634Z] <<< [apiv2][body] GET https://cloudfunctions.googleapis.com/v2/projects/projectmate-485110/locations/us-central1/operations/operation-1775963709764-64f3ac60df3eb-37332990-485fdf79 {"name":"projects/projectmate-485110/locations/us-central1/operations/operation-1775963709764-64f3ac60df3eb-37332990-485fdf79","metadata":{"@type":"type.googleapis.com/google.cloud.functions.v2.OperationMetadata","createTime":"2026-04-12T03:15:10.738115863Z","target":"projects/projectmate-485110/locations/us-central1/functions/paystackWebhook","verb":"update","cancelRequested":false,"apiVersion":"v2","requestResource":{"@type":"type.googleapis.com/google.cloud.functions.v2.Function","name":"projects/projectmate-485110/locations/us-central1/functions/paystackWebhook","buildConfig":{"runtime":"nodejs20","entryPoint":"paystackWebhook","source":{"storageSource":{"bucket":"gcf-v2-sources-369127916461-us-central1","object":"paystackWebhook/function-source.zip","generation":"1775963710632535"}},"environmentVariables":{"GOOGLE_NODE_RUN_SCRIPTS":""},"dockerRepository":"projects/projectmate-485110/locations/us-central1/repositories/gcf-artifacts","sourceProvenance":{"resolvedStorageSource":{"bucket":"gcf-v2-sources-369127916461-us-central1","object":"paystackWebhook/function-source.zip","generation":"1775948886933731"}},"dockerRegistry":"ARTIFACT_REGISTRY","serviceAccount":"projects/projectmate-485110/serviceAccounts/369127916461-compute@developer.gserviceaccount.com","automaticUpdatePolicy":{}},"serviceConfig":{"service":"projects/projectmate-485110/locations/us-central1/services/paystackwebhook","timeoutSeconds":60,"environmentVariables":{"FIREBASE_CONFIG":"{\"projectId\":\"projectmate-485110\",\"storageBucket\":\"projectmate-485110.firebasestorage.app\"}","GCLOUD_PROJECT":"projectmate-485110","EVENTARC_CLOUD_EVENT_SOURCE":"projects/projectmate-485110/locations/us-central1/services/paystackWebhook","FUNCTION_TARGET":"paystackWebhook","LOG_EXECUTION_ID":"true"},"ingressSettings":"ALLOW_ALL","uri":"https://paystackwebhook-7e24pliqpa-uc.a.run.app","serviceAccountEmail":"369127916461-compute@developer.gserviceaccount.com","availableMemory":"256Mi","allTrafficOnLatestRevision":true,"secretEnvironmentVariables":[{"key":"PAYSTACK_SECRET_KEY","projectId":"projectmate-485110","secret":"PAYSTACK_SECRET_KEY","version":"2"}],"revision":"paystackwebhook-00005-yem","maxInstanceRequestConcurrency":80,"availableCpu":"1"},"state":"ACTIVE","labels":{"deployment-tool":"cli-firebase","firebase-functions-hash":"82dbe9dec978ac680a76a7c2e4533619edaf9c8c"},"environment":"GEN_2","url":"https://us-central1-projectmate-485110.cloudfunctions.net/paystackWebhook","satisfiesPzi":true},"stages":[{"name":"BUILD","message":"Build in progress","state":"IN_PROGRESS","resource":"projects/369127916461/locations/us-central1/builds/c950eecd-afe6-41b7-87a7-6e7e4bbd2989","resourceUri":"https://console.cloud.google.com/cloud-build/builds;region=us-central1/c950eecd-afe6-41b7-87a7-6e7e4bbd2989?project=369127916461"},{"name":"SERVICE","state":"NOT_STARTED"}],"operationType":"UPDATE_FUNCTION","buildName":"projects/369127916461/locations/us-central1/builds/c950eecd-afe6-41b7-87a7-6e7e4bbd2989"},"done":false}
[debug] [2026-04-12T03:15:11.654Z] [update-default-us-central1-paystackWebhook] Retrying task index 0
[debug] [2026-04-12T03:15:11.691Z] Checked if tokens are valid: true, expires at: 1775966200663
[debug] [2026-04-12T03:15:11.704Z] Checked if tokens are valid: true, expires at: 1775966200663
[debug] [2026-04-12T03:15:11.708Z] >>> [apiv2][query] GET https://cloudfunctions.googleapis.com/v2/projects/projectmate-485110/locations/us-central1/operations/operation-1775963709764-64f3ac60df3eb-37332990-485fdf79 [none]
[debug] [2026-04-12T03:15:12.142Z] <<< [apiv2][status] GET https://cloudfunctions.googleapis.com/v2/projects/projectmate-485110/locations/us-central1/operations/operation-1775963709764-64f3ac60df3eb-37332990-485fdf79 200
[debug] [2026-04-12T03:15:12.142Z] <<< [apiv2][body] GET https://cloudfunctions.googleapis.com/v2/projects/projectmate-485110/locations/us-central1/operations/operation-1775963709764-64f3ac60df3eb-37332990-485fdf79 {"name":"projects/projectmate-485110/locations/us-central1/operations/operation-1775963709764-64f3ac60df3eb-37332990-485fdf79","metadata":{"@type":"type.googleapis.com/google.cloud.functions.v2.OperationMetadata","createTime":"2026-04-12T03:15:10.738115863Z","target":"projects/projectmate-485110/locations/us-central1/functions/paystackWebhook","verb":"update","cancelRequested":false,"apiVersion":"v2","requestResource":{"@type":"type.googleapis.com/google.cloud.functions.v2.Function","name":"projects/projectmate-485110/locations/us-central1/functions/paystackWebhook","buildConfig":{"runtime":"nodejs20","entryPoint":"paystackWebhook","source":{"storageSource":{"bucket":"gcf-v2-sources-369127916461-us-central1","object":"paystackWebhook/function-source.zip","generation":"1775963710632535"}},"environmentVariables":{"GOOGLE_NODE_RUN_SCRIPTS":""},"dockerRepository":"projects/projectmate-485110/locations/us-central1/repositories/gcf-artifacts","sourceProvenance":{"resolvedStorageSource":{"bucket":"gcf-v2-sources-369127916461-us-central1","object":"paystackWebhook/function-source.zip","generation":"1775948886933731"}},"dockerRegistry":"ARTIFACT_REGISTRY","serviceAccount":"projects/projectmate-485110/serviceAccounts/369127916461-compute@developer.gserviceaccount.com","automaticUpdatePolicy":{}},"serviceConfig":{"service":"projects/projectmate-485110/locations/us-central1/services/paystackwebhook","timeoutSeconds":60,"environmentVariables":{"FIREBASE_CONFIG":"{\"projectId\":\"projectmate-485110\",\"storageBucket\":\"projectmate-485110.firebasestorage.app\"}","GCLOUD_PROJECT":"projectmate-485110","EVENTARC_CLOUD_EVENT_SOURCE":"projects/projectmate-485110/locations/us-central1/services/paystackWebhook","FUNCTION_TARGET":"paystackWebhook","LOG_EXECUTION_ID":"true"},"ingressSettings":"ALLOW_ALL","uri":"https://paystackwebhook-7e24pliqpa-uc.a.run.app","serviceAccountEmail":"369127916461-compute@developer.gserviceaccount.com","availableMemory":"256Mi","allTrafficOnLatestRevision":true,"secretEnvironmentVariables":[{"key":"PAYSTACK_SECRET_KEY","projectId":"projectmate-485110","secret":"PAYSTACK_SECRET_KEY","version":"2"}],"revision":"paystackwebhook-00005-yem","maxInstanceRequestConcurrency":80,"availableCpu":"1"},"state":"ACTIVE","labels":{"deployment-tool":"cli-firebase","firebase-functions-hash":"82dbe9dec978ac680a76a7c2e4533619edaf9c8c"},"environment":"GEN_2","url":"https://us-central1-projectmate-485110.cloudfunctions.net/paystackWebhook","satisfiesPzi":true},"stages":[{"name":"BUILD","message":"Build in progress","state":"IN_PROGRESS","resource":"projects/369127916461/locations/us-central1/builds/c950eecd-afe6-41b7-87a7-6e7e4bbd2989","resourceUri":"https://console.cloud.google.com/cloud-build/builds;region=us-central1/c950eecd-afe6-41b7-87a7-6e7e4bbd2989?project=369127916461"},{"name":"SERVICE","state":"NOT_STARTED"}],"operationType":"UPDATE_FUNCTION","buildName":"projects/369127916461/locations/us-central1/builds/c950eecd-afe6-41b7-87a7-6e7e4bbd2989"},"done":false}
[debug] [2026-04-12T03:15:14.156Z] [update-default-us-central1-paystackWebhook] Retrying task index 0
[debug] [2026-04-12T03:15:14.173Z] Checked if tokens are valid: true, expires at: 1775966200663
[debug] [2026-04-12T03:15:14.174Z] Checked if tokens are valid: true, expires at: 1775966200663
[debug] [2026-04-12T03:15:14.189Z] >>> [apiv2][query] GET https://cloudfunctions.googleapis.com/v2/projects/projectmate-485110/locations/us-central1/operations/operation-1775963709764-64f3ac60df3eb-37332990-485fdf79 [none]
[debug] [2026-04-12T03:15:14.614Z] <<< [apiv2][status] GET https://cloudfunctions.googleapis.com/v2/projects/projectmate-485110/locations/us-central1/operations/operation-1775963709764-64f3ac60df3eb-37332990-485fdf79 200
[debug] [2026-04-12T03:15:14.615Z] <<< [apiv2][body] GET https://cloudfunctions.googleapis.com/v2/projects/projectmate-485110/locations/us-central1/operations/operation-1775963709764-64f3ac60df3eb-37332990-485fdf79 {"name":"projects/projectmate-485110/locations/us-central1/operations/operation-1775963709764-64f3ac60df3eb-37332990-485fdf79","metadata":{"@type":"type.googleapis.com/google.cloud.functions.v2.OperationMetadata","createTime":"2026-04-12T03:15:10.738115863Z","target":"projects/projectmate-485110/locations/us-central1/functions/paystackWebhook","verb":"update","cancelRequested":false,"apiVersion":"v2","requestResource":{"@type":"type.googleapis.com/google.cloud.functions.v2.Function","name":"projects/projectmate-485110/locations/us-central1/functions/paystackWebhook","buildConfig":{"runtime":"nodejs20","entryPoint":"paystackWebhook","source":{"storageSource":{"bucket":"gcf-v2-sources-369127916461-us-central1","object":"paystackWebhook/function-source.zip","generation":"1775963710632535"}},"environmentVariables":{"GOOGLE_NODE_RUN_SCRIPTS":""},"dockerRepository":"projects/projectmate-485110/locations/us-central1/repositories/gcf-artifacts","sourceProvenance":{"resolvedStorageSource":{"bucket":"gcf-v2-sources-369127916461-us-central1","object":"paystackWebhook/function-source.zip","generation":"1775948886933731"}},"dockerRegistry":"ARTIFACT_REGISTRY","serviceAccount":"projects/projectmate-485110/serviceAccounts/369127916461-compute@developer.gserviceaccount.com","automaticUpdatePolicy":{}},"serviceConfig":{"service":"projects/projectmate-485110/locations/us-central1/services/paystackwebhook","timeoutSeconds":60,"environmentVariables":{"FIREBASE_CONFIG":"{\"projectId\":\"projectmate-485110\",\"storageBucket\":\"projectmate-485110.firebasestorage.app\"}","GCLOUD_PROJECT":"projectmate-485110","EVENTARC_CLOUD_EVENT_SOURCE":"projects/projectmate-485110/locations/us-central1/services/paystackWebhook","FUNCTION_TARGET":"paystackWebhook","LOG_EXECUTION_ID":"true"},"ingressSettings":"ALLOW_ALL","uri":"https://paystackwebhook-7e24pliqpa-uc.a.run.app","serviceAccountEmail":"369127916461-compute@developer.gserviceaccount.com","availableMemory":"256Mi","allTrafficOnLatestRevision":true,"secretEnvironmentVariables":[{"key":"PAYSTACK_SECRET_KEY","projectId":"projectmate-485110","secret":"PAYSTACK_SECRET_KEY","version":"2"}],"revision":"paystackwebhook-00005-yem","maxInstanceRequestConcurrency":80,"availableCpu":"1"},"state":"ACTIVE","labels":{"deployment-tool":"cli-firebase","firebase-functions-hash":"82dbe9dec978ac680a76a7c2e4533619edaf9c8c"},"environment":"GEN_2","url":"https://us-central1-projectmate-485110.cloudfunctions.net/paystackWebhook","satisfiesPzi":true},"stages":[{"name":"BUILD","message":"Build in progress","state":"IN_PROGRESS","resource":"projects/369127916461/locations/us-central1/builds/c950eecd-afe6-41b7-87a7-6e7e4bbd2989","resourceUri":"https://console.cloud.google.com/cloud-build/builds;region=us-central1/c950eecd-afe6-41b7-87a7-6e7e4bbd2989?project=369127916461"},{"name":"SERVICE","state":"NOT_STARTED"}],"operationType":"UPDATE_FUNCTION","buildName":"projects/369127916461/locations/us-central1/builds/c950eecd-afe6-41b7-87a7-6e7e4bbd2989"},"done":false}
[debug] [2026-04-12T03:15:18.675Z] [update-default-us-central1-paystackWebhook] Retrying task index 0
[debug] [2026-04-12T03:15:18.685Z] Checked if tokens are valid: true, expires at: 1775966200663
[debug] [2026-04-12T03:15:18.712Z] Checked if tokens are valid: true, expires at: 1775966200663
[debug] [2026-04-12T03:15:18.723Z] >>> [apiv2][query] GET https://cloudfunctions.googleapis.com/v2/projects/projectmate-485110/locations/us-central1/operations/operation-1775963709764-64f3ac60df3eb-37332990-485fdf79 [none]
[debug] [2026-04-12T03:15:19.097Z] <<< [apiv2][status] GET https://cloudfunctions.googleapis.com/v2/projects/projectmate-485110/locations/us-central1/operations/operation-1775963709764-64f3ac60df3eb-37332990-485fdf79 200
[debug] [2026-04-12T03:15:19.098Z] <<< [apiv2][body] GET https://cloudfunctions.googleapis.com/v2/projects/projectmate-485110/locations/us-central1/operations/operation-1775963709764-64f3ac60df3eb-37332990-485fdf79 {"name":"projects/projectmate-485110/locations/us-central1/operations/operation-1775963709764-64f3ac60df3eb-37332990-485fdf79","metadata":{"@type":"type.googleapis.com/google.cloud.functions.v2.OperationMetadata","createTime":"2026-04-12T03:15:10.738115863Z","target":"projects/projectmate-485110/locations/us-central1/functions/paystackWebhook","verb":"update","cancelRequested":false,"apiVersion":"v2","requestResource":{"@type":"type.googleapis.com/google.cloud.functions.v2.Function","name":"projects/projectmate-485110/locations/us-central1/functions/paystackWebhook","buildConfig":{"runtime":"nodejs20","entryPoint":"paystackWebhook","source":{"storageSource":{"bucket":"gcf-v2-sources-369127916461-us-central1","object":"paystackWebhook/function-source.zip","generation":"1775963710632535"}},"environmentVariables":{"GOOGLE_NODE_RUN_SCRIPTS":""},"dockerRepository":"projects/projectmate-485110/locations/us-central1/repositories/gcf-artifacts","sourceProvenance":{"resolvedStorageSource":{"bucket":"gcf-v2-sources-369127916461-us-central1","object":"paystackWebhook/function-source.zip","generation":"1775948886933731"}},"dockerRegistry":"ARTIFACT_REGISTRY","serviceAccount":"projects/projectmate-485110/serviceAccounts/369127916461-compute@developer.gserviceaccount.com","automaticUpdatePolicy":{}},"serviceConfig":{"service":"projects/projectmate-485110/locations/us-central1/services/paystackwebhook","timeoutSeconds":60,"environmentVariables":{"FIREBASE_CONFIG":"{\"projectId\":\"projectmate-485110\",\"storageBucket\":\"projectmate-485110.firebasestorage.app\"}","GCLOUD_PROJECT":"projectmate-485110","EVENTARC_CLOUD_EVENT_SOURCE":"projects/projectmate-485110/locations/us-central1/services/paystackWebhook","FUNCTION_TARGET":"paystackWebhook","LOG_EXECUTION_ID":"true"},"ingressSettings":"ALLOW_ALL","uri":"https://paystackwebhook-7e24pliqpa-uc.a.run.app","serviceAccountEmail":"369127916461-compute@developer.gserviceaccount.com","availableMemory":"256Mi","allTrafficOnLatestRevision":true,"secretEnvironmentVariables":[{"key":"PAYSTACK_SECRET_KEY","projectId":"projectmate-485110","secret":"PAYSTACK_SECRET_KEY","version":"2"}],"revision":"paystackwebhook-00005-yem","maxInstanceRequestConcurrency":80,"availableCpu":"1"},"state":"ACTIVE","labels":{"deployment-tool":"cli-firebase","firebase-functions-hash":"82dbe9dec978ac680a76a7c2e4533619edaf9c8c"},"environment":"GEN_2","url":"https://us-central1-projectmate-485110.cloudfunctions.net/paystackWebhook","satisfiesPzi":true},"stages":[{"name":"BUILD","message":"Build in progress","state":"IN_PROGRESS","resource":"projects/369127916461/locations/us-central1/builds/c950eecd-afe6-41b7-87a7-6e7e4bbd2989","resourceUri":"https://console.cloud.google.com/cloud-build/builds;region=us-central1/c950eecd-afe6-41b7-87a7-6e7e4bbd2989?project=369127916461"},{"name":"SERVICE","state":"NOT_STARTED"}],"operationType":"UPDATE_FUNCTION","buildName":"projects/369127916461/locations/us-central1/builds/c950eecd-afe6-41b7-87a7-6e7e4bbd2989"},"done":false}
[debug] [2026-04-12T03:15:27.153Z] [update-default-us-central1-paystackWebhook] Retrying task index 0
[debug] [2026-04-12T03:15:27.208Z] Checked if tokens are valid: true, expires at: 1775966200663
[debug] [2026-04-12T03:15:27.257Z] Checked if tokens are valid: true, expires at: 1775966200663
[debug] [2026-04-12T03:15:27.374Z] >>> [apiv2][query] GET https://cloudfunctions.googleapis.com/v2/projects/projectmate-485110/locations/us-central1/operations/operation-1775963709764-64f3ac60df3eb-37332990-485fdf79 [none]
[debug] [2026-04-12T03:15:28.309Z] <<< [apiv2][status] GET https://cloudfunctions.googleapis.com/v2/projects/projectmate-485110/locations/us-central1/operations/operation-1775963709764-64f3ac60df3eb-37332990-485fdf79 200
[debug] [2026-04-12T03:15:28.347Z] <<< [apiv2][body] GET https://cloudfunctions.googleapis.com/v2/projects/projectmate-485110/locations/us-central1/operations/operation-1775963709764-64f3ac60df3eb-37332990-485fdf79 {"name":"projects/projectmate-485110/locations/us-central1/operations/operation-1775963709764-64f3ac60df3eb-37332990-485fdf79","metadata":{"@type":"type.googleapis.com/google.cloud.functions.v2.OperationMetadata","createTime":"2026-04-12T03:15:10.738115863Z","target":"projects/projectmate-485110/locations/us-central1/functions/paystackWebhook","verb":"update","cancelRequested":false,"apiVersion":"v2","requestResource":{"@type":"type.googleapis.com/google.cloud.functions.v2.Function","name":"projects/projectmate-485110/locations/us-central1/functions/paystackWebhook","buildConfig":{"runtime":"nodejs20","entryPoint":"paystackWebhook","source":{"storageSource":{"bucket":"gcf-v2-sources-369127916461-us-central1","object":"paystackWebhook/function-source.zip","generation":"1775963710632535"}},"environmentVariables":{"GOOGLE_NODE_RUN_SCRIPTS":""},"dockerRepository":"projects/projectmate-485110/locations/us-central1/repositories/gcf-artifacts","sourceProvenance":{"resolvedStorageSource":{"bucket":"gcf-v2-sources-369127916461-us-central1","object":"paystackWebhook/function-source.zip","generation":"1775948886933731"}},"dockerRegistry":"ARTIFACT_REGISTRY","serviceAccount":"projects/projectmate-485110/serviceAccounts/369127916461-compute@developer.gserviceaccount.com","automaticUpdatePolicy":{}},"serviceConfig":{"service":"projects/projectmate-485110/locations/us-central1/services/paystackwebhook","timeoutSeconds":60,"environmentVariables":{"FIREBASE_CONFIG":"{\"projectId\":\"projectmate-485110\",\"storageBucket\":\"projectmate-485110.firebasestorage.app\"}","GCLOUD_PROJECT":"projectmate-485110","EVENTARC_CLOUD_EVENT_SOURCE":"projects/projectmate-485110/locations/us-central1/services/paystackWebhook","FUNCTION_TARGET":"paystackWebhook","LOG_EXECUTION_ID":"true"},"ingressSettings":"ALLOW_ALL","uri":"https://paystackwebhook-7e24pliqpa-uc.a.run.app","serviceAccountEmail":"369127916461-compute@developer.gserviceaccount.com","availableMemory":"256Mi","allTrafficOnLatestRevision":true,"secretEnvironmentVariables":[{"key":"PAYSTACK_SECRET_KEY","projectId":"projectmate-485110","secret":"PAYSTACK_SECRET_KEY","version":"2"}],"revision":"paystackwebhook-00005-yem","maxInstanceRequestConcurrency":80,"availableCpu":"1"},"state":"ACTIVE","labels":{"deployment-tool":"cli-firebase","firebase-functions-hash":"82dbe9dec978ac680a76a7c2e4533619edaf9c8c"},"environment":"GEN_2","url":"https://us-central1-projectmate-485110.cloudfunctions.net/paystackWebhook","satisfiesPzi":true},"stages":[{"name":"BUILD","message":"Build in progress","state":"IN_PROGRESS","resource":"projects/369127916461/locations/us-central1/builds/c950eecd-afe6-41b7-87a7-6e7e4bbd2989","resourceUri":"https://console.cloud.google.com/cloud-build/builds;region=us-central1/c950eecd-afe6-41b7-87a7-6e7e4bbd2989?project=369127916461"},{"name":"SERVICE","state":"NOT_STARTED"}],"operationType":"UPDATE_FUNCTION","buildName":"projects/369127916461/locations/us-central1/builds/c950eecd-afe6-41b7-87a7-6e7e4bbd2989"},"done":false}
[debug] [2026-04-12T03:15:38.639Z] [update-default-us-central1-paystackWebhook] Retrying task index 0
[debug] [2026-04-12T03:15:38.869Z] Checked if tokens are valid: true, expires at: 1775966200663
[debug] [2026-04-12T03:15:39.155Z] Checked if tokens are valid: true, expires at: 1775966200663
[debug] [2026-04-12T03:15:39.158Z] >>> [apiv2][query] GET https://cloudfunctions.googleapis.com/v2/projects/projectmate-485110/locations/us-central1/operations/operation-1775963709764-64f3ac60df3eb-37332990-485fdf79 [none]
[debug] [2026-04-12T03:15:40.032Z] <<< [apiv2][status] GET https://cloudfunctions.googleapis.com/v2/projects/projectmate-485110/locations/us-central1/operations/operation-1775963709764-64f3ac60df3eb-37332990-485fdf79 200
[debug] [2026-04-12T03:15:40.037Z] <<< [apiv2][body] GET https://cloudfunctions.googleapis.com/v2/projects/projectmate-485110/locations/us-central1/operations/operation-1775963709764-64f3ac60df3eb-37332990-485fdf79 {"name":"projects/projectmate-485110/locations/us-central1/operations/operation-1775963709764-64f3ac60df3eb-37332990-485fdf79","metadata":{"@type":"type.googleapis.com/google.cloud.functions.v2.OperationMetadata","createTime":"2026-04-12T03:15:10.738115863Z","target":"projects/projectmate-485110/locations/us-central1/functions/paystackWebhook","verb":"update","cancelRequested":false,"apiVersion":"v2","requestResource":{"@type":"type.googleapis.com/google.cloud.functions.v2.Function","name":"projects/projectmate-485110/locations/us-central1/functions/paystackWebhook","buildConfig":{"runtime":"nodejs20","entryPoint":"paystackWebhook","source":{"storageSource":{"bucket":"gcf-v2-sources-369127916461-us-central1","object":"paystackWebhook/function-source.zip","generation":"1775963710632535"}},"environmentVariables":{"GOOGLE_NODE_RUN_SCRIPTS":""},"dockerRepository":"projects/projectmate-485110/locations/us-central1/repositories/gcf-artifacts","sourceProvenance":{"resolvedStorageSource":{"bucket":"gcf-v2-sources-369127916461-us-central1","object":"paystackWebhook/function-source.zip","generation":"1775948886933731"}},"dockerRegistry":"ARTIFACT_REGISTRY","serviceAccount":"projects/projectmate-485110/serviceAccounts/369127916461-compute@developer.gserviceaccount.com","automaticUpdatePolicy":{}},"serviceConfig":{"service":"projects/projectmate-485110/locations/us-central1/services/paystackwebhook","timeoutSeconds":60,"environmentVariables":{"FIREBASE_CONFIG":"{\"projectId\":\"projectmate-485110\",\"storageBucket\":\"projectmate-485110.firebasestorage.app\"}","GCLOUD_PROJECT":"projectmate-485110","EVENTARC_CLOUD_EVENT_SOURCE":"projects/projectmate-485110/locations/us-central1/services/paystackWebhook","FUNCTION_TARGET":"paystackWebhook","LOG_EXECUTION_ID":"true"},"ingressSettings":"ALLOW_ALL","uri":"https://paystackwebhook-7e24pliqpa-uc.a.run.app","serviceAccountEmail":"369127916461-compute@developer.gserviceaccount.com","availableMemory":"256Mi","allTrafficOnLatestRevision":true,"secretEnvironmentVariables":[{"key":"PAYSTACK_SECRET_KEY","projectId":"projectmate-485110","secret":"PAYSTACK_SECRET_KEY","version":"2"}],"revision":"paystackwebhook-00005-yem","maxInstanceRequestConcurrency":80,"availableCpu":"1"},"state":"ACTIVE","labels":{"deployment-tool":"cli-firebase","firebase-functions-hash":"82dbe9dec978ac680a76a7c2e4533619edaf9c8c"},"environment":"GEN_2","url":"https://us-central1-projectmate-485110.cloudfunctions.net/paystackWebhook","satisfiesPzi":true},"stages":[{"name":"BUILD","message":"Build in progress","state":"IN_PROGRESS","resource":"projects/369127916461/locations/us-central1/builds/c950eecd-afe6-41b7-87a7-6e7e4bbd2989","resourceUri":"https://console.cloud.google.com/cloud-build/builds;region=us-central1/c950eecd-afe6-41b7-87a7-6e7e4bbd2989?project=369127916461"},{"name":"SERVICE","state":"NOT_STARTED"}],"operationType":"UPDATE_FUNCTION","buildName":"projects/369127916461/locations/us-central1/builds/c950eecd-afe6-41b7-87a7-6e7e4bbd2989"},"done":false}
[debug] [2026-04-12T03:15:50.054Z] [update-default-us-central1-paystackWebhook] Retrying task index 0
[debug] [2026-04-12T03:15:50.055Z] Checked if tokens are valid: true, expires at: 1775966200663
[debug] [2026-04-12T03:15:50.057Z] Checked if tokens are valid: true, expires at: 1775966200663
[debug] [2026-04-12T03:15:50.063Z] >>> [apiv2][query] GET https://cloudfunctions.googleapis.com/v2/projects/projectmate-485110/locations/us-central1/operations/operation-1775963709764-64f3ac60df3eb-37332990-485fdf79 [none]
[debug] [2026-04-12T03:15:50.927Z] <<< [apiv2][status] GET https://cloudfunctions.googleapis.com/v2/projects/projectmate-485110/locations/us-central1/operations/operation-1775963709764-64f3ac60df3eb-37332990-485fdf79 200
[debug] [2026-04-12T03:15:51.056Z] <<< [apiv2][body] GET https://cloudfunctions.googleapis.com/v2/projects/projectmate-485110/locations/us-central1/operations/operation-1775963709764-64f3ac60df3eb-37332990-485fdf79 {"name":"projects/projectmate-485110/locations/us-central1/operations/operation-1775963709764-64f3ac60df3eb-37332990-485fdf79","metadata":{"@type":"type.googleapis.com/google.cloud.functions.v2.OperationMetadata","createTime":"2026-04-12T03:15:10.738115863Z","target":"projects/projectmate-485110/locations/us-central1/functions/paystackWebhook","verb":"update","cancelRequested":false,"apiVersion":"v2","requestResource":{"@type":"type.googleapis.com/google.cloud.functions.v2.Function","name":"projects/projectmate-485110/locations/us-central1/functions/paystackWebhook","buildConfig":{"runtime":"nodejs20","entryPoint":"paystackWebhook","source":{"storageSource":{"bucket":"gcf-v2-sources-369127916461-us-central1","object":"paystackWebhook/function-source.zip","generation":"1775963710632535"}},"environmentVariables":{"GOOGLE_NODE_RUN_SCRIPTS":""},"dockerRepository":"projects/projectmate-485110/locations/us-central1/repositories/gcf-artifacts","sourceProvenance":{"resolvedStorageSource":{"bucket":"gcf-v2-sources-369127916461-us-central1","object":"paystackWebhook/function-source.zip","generation":"1775948886933731"}},"dockerRegistry":"ARTIFACT_REGISTRY","serviceAccount":"projects/projectmate-485110/serviceAccounts/369127916461-compute@developer.gserviceaccount.com","automaticUpdatePolicy":{}},"serviceConfig":{"service":"projects/projectmate-485110/locations/us-central1/services/paystackwebhook","timeoutSeconds":60,"environmentVariables":{"FIREBASE_CONFIG":"{\"projectId\":\"projectmate-485110\",\"storageBucket\":\"projectmate-485110.firebasestorage.app\"}","GCLOUD_PROJECT":"projectmate-485110","EVENTARC_CLOUD_EVENT_SOURCE":"projects/projectmate-485110/locations/us-central1/services/paystackWebhook","FUNCTION_TARGET":"paystackWebhook","LOG_EXECUTION_ID":"true"},"ingressSettings":"ALLOW_ALL","uri":"https://paystackwebhook-7e24pliqpa-uc.a.run.app","serviceAccountEmail":"369127916461-compute@developer.gserviceaccount.com","availableMemory":"256Mi","allTrafficOnLatestRevision":true,"secretEnvironmentVariables":[{"key":"PAYSTACK_SECRET_KEY","projectId":"projectmate-485110","secret":"PAYSTACK_SECRET_KEY","version":"2"}],"revision":"paystackwebhook-00005-yem","maxInstanceRequestConcurrency":80,"availableCpu":"1"},"state":"ACTIVE","labels":{"deployment-tool":"cli-firebase","firebase-functions-hash":"82dbe9dec978ac680a76a7c2e4533619edaf9c8c"},"environment":"GEN_2","url":"https://us-central1-projectmate-485110.cloudfunctions.net/paystackWebhook","satisfiesPzi":true},"stages":[{"name":"BUILD","message":"Build in progress","state":"IN_PROGRESS","resource":"projects/369127916461/locations/us-central1/builds/c950eecd-afe6-41b7-87a7-6e7e4bbd2989","resourceUri":"https://console.cloud.google.com/cloud-build/builds;region=us-central1/c950eecd-afe6-41b7-87a7-6e7e4bbd2989?project=369127916461"},{"name":"SERVICE","state":"NOT_STARTED"}],"operationType":"UPDATE_FUNCTION","buildName":"projects/369127916461/locations/us-central1/builds/c950eecd-afe6-41b7-87a7-6e7e4bbd2989"},"done":false}
[debug] [2026-04-12T03:16:01.280Z] [update-default-us-central1-paystackWebhook] Retrying task index 0
[debug] [2026-04-12T03:16:01.281Z] Checked if tokens are valid: true, expires at: 1775966200663
[debug] [2026-04-12T03:16:01.281Z] Checked if tokens are valid: true, expires at: 1775966200663
[debug] [2026-04-12T03:16:01.281Z] >>> [apiv2][query] GET https://cloudfunctions.googleapis.com/v2/projects/projectmate-485110/locations/us-central1/operations/operation-1775963709764-64f3ac60df3eb-37332990-485fdf79 [none]
[debug] [2026-04-12T03:16:03.729Z] <<< [apiv2][status] GET https://cloudfunctions.googleapis.com/v2/projects/projectmate-485110/locations/us-central1/operations/operation-1775963709764-64f3ac60df3eb-37332990-485fdf79 200
[debug] [2026-04-12T03:16:03.734Z] <<< [apiv2][body] GET https://cloudfunctions.googleapis.com/v2/projects/projectmate-485110/locations/us-central1/operations/operation-1775963709764-64f3ac60df3eb-37332990-485fdf79 {"name":"projects/projectmate-485110/locations/us-central1/operations/operation-1775963709764-64f3ac60df3eb-37332990-485fdf79","metadata":{"@type":"type.googleapis.com/google.cloud.functions.v2.OperationMetadata","createTime":"2026-04-12T03:15:10.738115863Z","target":"projects/projectmate-485110/locations/us-central1/functions/paystackWebhook","verb":"update","cancelRequested":false,"apiVersion":"v2","requestResource":{"@type":"type.googleapis.com/google.cloud.functions.v2.Function","name":"projects/projectmate-485110/locations/us-central1/functions/paystackWebhook","buildConfig":{"runtime":"nodejs20","entryPoint":"paystackWebhook","source":{"storageSource":{"bucket":"gcf-v2-sources-369127916461-us-central1","object":"paystackWebhook/function-source.zip","generation":"1775963710632535"}},"environmentVariables":{"GOOGLE_NODE_RUN_SCRIPTS":""},"dockerRepository":"projects/projectmate-485110/locations/us-central1/repositories/gcf-artifacts","sourceProvenance":{"resolvedStorageSource":{"bucket":"gcf-v2-sources-369127916461-us-central1","object":"paystackWebhook/function-source.zip","generation":"1775948886933731"}},"dockerRegistry":"ARTIFACT_REGISTRY","serviceAccount":"projects/projectmate-485110/serviceAccounts/369127916461-compute@developer.gserviceaccount.com","automaticUpdatePolicy":{}},"serviceConfig":{"service":"projects/projectmate-485110/locations/us-central1/services/paystackwebhook","timeoutSeconds":60,"environmentVariables":{"FIREBASE_CONFIG":"{\"projectId\":\"projectmate-485110\",\"storageBucket\":\"projectmate-485110.firebasestorage.app\"}","GCLOUD_PROJECT":"projectmate-485110","EVENTARC_CLOUD_EVENT_SOURCE":"projects/projectmate-485110/locations/us-central1/services/paystackWebhook","FUNCTION_TARGET":"paystackWebhook","LOG_EXECUTION_ID":"true"},"ingressSettings":"ALLOW_ALL","uri":"https://paystackwebhook-7e24pliqpa-uc.a.run.app","serviceAccountEmail":"369127916461-compute@developer.gserviceaccount.com","availableMemory":"256Mi","allTrafficOnLatestRevision":true,"secretEnvironmentVariables":[{"key":"PAYSTACK_SECRET_KEY","projectId":"projectmate-485110","secret":"PAYSTACK_SECRET_KEY","version":"2"}],"revision":"paystackwebhook-00005-yem","maxInstanceRequestConcurrency":80,"availableCpu":"1"},"state":"ACTIVE","labels":{"deployment-tool":"cli-firebase","firebase-functions-hash":"82dbe9dec978ac680a76a7c2e4533619edaf9c8c"},"environment":"GEN_2","url":"https://us-central1-projectmate-485110.cloudfunctions.net/paystackWebhook","satisfiesPzi":true},"stages":[{"name":"BUILD","message":"Build finished","state":"COMPLETE","resource":"projects/369127916461/locations/us-central1/builds/c950eecd-afe6-41b7-87a7-6e7e4bbd2989","resourceUri":"https://console.cloud.google.com/cloud-build/builds;region=us-central1/c950eecd-afe6-41b7-87a7-6e7e4bbd2989?project=369127916461"},{"name":"SERVICE","message":"Updating Cloud Run service","state":"IN_PROGRESS","resource":"projects/projectmate-485110/locations/us-central1/services/paystackwebhook","resourceUri":"https://console.cloud.google.com/run/detail/us-central1/paystackwebhook?project=projectmate-485110","stateMessages":[{"severity":"INFO","type":"CloudRunServiceNewRevisionTrafficInfo","message":"A new revision will be deployed serving with 100% traffic."}]}],"sourceToken":"Cldwcm9qZWN0cy8zNjkxMjc5MTY0NjEvbG9jYXRpb25zL3VzLWNlbnRyYWwxL2J1aWxkcy9jOTUwZWVjZC1hZmU2LTQxYjctODdhNy02ZTdlNGJiZDI5ODkSeXVzLWNlbnRyYWwxLWRvY2tlci5wa2cuZGV2L3Byb2plY3RtYXRlLTQ4NTExMC9nY2YtYXJ0aWZhY3RzL3Byb2plY3RtYXRlLS00ODUxMTBfX3VzLS1jZW50cmFsMV9fcGF5c3RhY2tfd2ViaG9vazp2ZXJzaW9uXzEYrYf0jd8KIktwcm9qZWN0cy9wcm9qZWN0bWF0ZS00ODUxMTAvbG9jYXRpb25zL3VzLWNlbnRyYWwxL2Z1bmN0aW9ucy9wYXlzdGFja1dlYmhvb2sqCwjrnOzOBhCwmOJKMghub2RlanMyMDp2CiNnY3IuaW8vZ2FlLXJ1bnRpbWVzL25vZGVqczIwOnN0YWJsZRJPdXMtY2VudHJhbDEtZG9ja2VyLnBrZy5kZXYvc2VydmVybGVzcy1ydW50aW1lcy9nb29nbGUtMjItZnVsbC9ydW50aW1lcy9ub2RlanMyMEAB","operationType":"UPDATE_FUNCTION","buildName":"projects/369127916461/locations/us-central1/builds/c950eecd-afe6-41b7-87a7-6e7e4bbd2989"},"done":false}
[debug] [2026-04-12T03:16:03.738Z] Got source token Cldwcm9qZWN0cy8zNjkxMjc5MTY0NjEvbG9jYXRpb25zL3VzLWNlbnRyYWwxL2J1aWxkcy9jOTUwZWVjZC1hZmU2LTQxYjctODdhNy02ZTdlNGJiZDI5ODkSeXVzLWNlbnRyYWwxLWRvY2tlci5wa2cuZGV2L3Byb2plY3RtYXRlLTQ4NTExMC9nY2YtYXJ0aWZhY3RzL3Byb2plY3RtYXRlLS00ODUxMTBfX3VzLS1jZW50cmFsMV9fcGF5c3RhY2tfd2ViaG9vazp2ZXJzaW9uXzEYrYf0jd8KIktwcm9qZWN0cy9wcm9qZWN0bWF0ZS00ODUxMTAvbG9jYXRpb25zL3VzLWNlbnRyYWwxL2Z1bmN0aW9ucy9wYXlzdGFja1dlYmhvb2sqCwjrnOzOBhCwmOJKMghub2RlanMyMDp2CiNnY3IuaW8vZ2FlLXJ1bnRpbWVzL25vZGVqczIwOnN0YWJsZRJPdXMtY2VudHJhbDEtZG9ja2VyLnBrZy5kZXYvc2VydmVybGVzcy1ydW50aW1lcy9nb29nbGUtMjItZnVsbC9ydW50aW1lcy9ub2RlanMyMEAB for region us-central1
[debug] [2026-04-12T03:16:03.740Z] Checked if tokens are valid: true, expires at: 1775966200663
[debug] [2026-04-12T03:16:03.740Z] Checked if tokens are valid: true, expires at: 1775966200663
[debug] [2026-04-12T03:16:03.741Z] Checked if tokens are valid: true, expires at: 1775966200663
[debug] [2026-04-12T03:16:03.742Z] Checked if tokens are valid: true, expires at: 1775966200663
[debug] [2026-04-12T03:16:03.743Z] Checked if tokens are valid: true, expires at: 1775966200663
[debug] [2026-04-12T03:16:03.743Z] Checked if tokens are valid: true, expires at: 1775966200663
[debug] [2026-04-12T03:16:03.745Z] Checked if tokens are valid: true, expires at: 1775966200663
[debug] [2026-04-12T03:16:03.745Z] Checked if tokens are valid: true, expires at: 1775966200663
[debug] [2026-04-12T03:16:03.746Z] Checked if tokens are valid: true, expires at: 1775966200663
[debug] [2026-04-12T03:16:03.746Z] Checked if tokens are valid: true, expires at: 1775966200663
[debug] [2026-04-12T03:16:03.748Z] >>> [apiv2][query] PATCH https://cloudfunctions.googleapis.com/v2/projects/projectmate-485110/locations/us-central1/functions/generateTopics updateMask=name%2CbuildConfig.runtime%2CbuildConfig.entryPoint%2CbuildConfig.source.storageSource.bucket%2CbuildConfig.source.storageSource.object%2CbuildConfig.environmentVariables%2CbuildConfig.sourceToken%2CserviceConfig.environmentVariables%2CserviceConfig.secretEnvironmentVariables%2CserviceConfig.ingressSettings%2CserviceConfig.timeoutSeconds%2CserviceConfig.serviceAccountEmail%2CserviceConfig.availableMemory%2CserviceConfig.minInstanceCount%2CserviceConfig.maxInstanceCount%2CserviceConfig.maxInstanceRequestConcurrency%2CserviceConfig.availableCpu%2CserviceConfig.vpcConnector%2CserviceConfig.vpcConnectorEgressSettings%2CserviceConfig.directVpcNetworkInterface%2CserviceConfig.directVpcEgress%2Clabels
[debug] [2026-04-12T03:16:03.749Z] >>> [apiv2][body] PATCH https://cloudfunctions.googleapis.com/v2/projects/projectmate-485110/locations/us-central1/functions/generateTopics {"name":"projects/projectmate-485110/locations/us-central1/functions/generateTopics","buildConfig":{"runtime":"nodejs20","entryPoint":"generateTopics","source":{"storageSource":{"bucket":"gcf-v2-uploads-369127916461.us-central1.cloudfunctions.appspot.com","object":"baf0f1c0-fd67-4ade-b0b4-bf07461abfbb.zip"}},"environmentVariables":{"GOOGLE_NODE_RUN_SCRIPTS":""},"sourceToken":"Cldwcm9qZWN0cy8zNjkxMjc5MTY0NjEvbG9jYXRpb25zL3VzLWNlbnRyYWwxL2J1aWxkcy9jOTUwZWVjZC1hZmU2LTQxYjctODdhNy02ZTdlNGJiZDI5ODkSeXVzLWNlbnRyYWwxLWRvY2tlci5wa2cuZGV2L3Byb2plY3RtYXRlLTQ4NTExMC9nY2YtYXJ0aWZhY3RzL3Byb2plY3RtYXRlLS00ODUxMTBfX3VzLS1jZW50cmFsMV9fcGF5c3RhY2tfd2ViaG9vazp2ZXJzaW9uXzEYrYf0jd8KIktwcm9qZWN0cy9wcm9qZWN0bWF0ZS00ODUxMTAvbG9jYXRpb25zL3VzLWNlbnRyYWwxL2Z1bmN0aW9ucy9wYXlzdGFja1dlYmhvb2sqCwjrnOzOBhCwmOJKMghub2RlanMyMDp2CiNnY3IuaW8vZ2FlLXJ1bnRpbWVzL25vZGVqczIwOnN0YWJsZRJPdXMtY2VudHJhbDEtZG9ja2VyLnBrZy5kZXYvc2VydmVybGVzcy1ydW50aW1lcy9nb29nbGUtMjItZnVsbC9ydW50aW1lcy9ub2RlanMyMEAB"},"serviceConfig":{"environmentVariables":{"FIREBASE_CONFIG":"{\"projectId\":\"projectmate-485110\",\"storageBucket\":\"projectmate-485110.firebasestorage.app\"}","GCLOUD_PROJECT":"projectmate-485110","EVENTARC_CLOUD_EVENT_SOURCE":"projects/projectmate-485110/locations/us-central1/services/generateTopics","FUNCTION_TARGET":"generateTopics","LOG_EXECUTION_ID":"true","FUNCTION_SIGNATURE_TYPE":"http"},"secretEnvironmentVariables":[{"key":"GEMINI_API_KEY","secret":"GEMINI_API_KEY","projectId":"projectmate-485110","version":"3"}],"ingressSettings":null,"timeoutSeconds":null,"serviceAccountEmail":null,"availableMemory":"256Mi","minInstanceCount":null,"maxInstanceCount":null,"maxInstanceRequestConcurrency":80,"availableCpu":"1","vpcConnector":null,"vpcConnectorEgressSettings":null,"directVpcNetworkInterface":null,"directVpcEgress":null},"labels":{"deployment-tool":"cli-firebase","deployment-callable":"true","firebase-functions-hash":"a09b89b8a4e3da9631cd1eed21295e125b69dba2"}}
[debug] [2026-04-12T03:16:03.753Z] >>> [apiv2][query] PATCH https://cloudfunctions.googleapis.com/v2/projects/projectmate-485110/locations/us-central1/functions/generateOutline updateMask=name%2CbuildConfig.runtime%2CbuildConfig.entryPoint%2CbuildConfig.source.storageSource.bucket%2CbuildConfig.source.storageSource.object%2CbuildConfig.environmentVariables%2CbuildConfig.sourceToken%2CserviceConfig.environmentVariables%2CserviceConfig.secretEnvironmentVariables%2CserviceConfig.ingressSettings%2CserviceConfig.timeoutSeconds%2CserviceConfig.serviceAccountEmail%2CserviceConfig.availableMemory%2CserviceConfig.minInstanceCount%2CserviceConfig.maxInstanceCount%2CserviceConfig.maxInstanceRequestConcurrency%2CserviceConfig.availableCpu%2CserviceConfig.vpcConnector%2CserviceConfig.vpcConnectorEgressSettings%2CserviceConfig.directVpcNetworkInterface%2CserviceConfig.directVpcEgress%2Clabels
[debug] [2026-04-12T03:16:03.753Z] >>> [apiv2][body] PATCH https://cloudfunctions.googleapis.com/v2/projects/projectmate-485110/locations/us-central1/functions/generateOutline {"name":"projects/projectmate-485110/locations/us-central1/functions/generateOutline","buildConfig":{"runtime":"nodejs20","entryPoint":"generateOutline","source":{"storageSource":{"bucket":"gcf-v2-uploads-369127916461.us-central1.cloudfunctions.appspot.com","object":"baf0f1c0-fd67-4ade-b0b4-bf07461abfbb.zip"}},"environmentVariables":{"GOOGLE_NODE_RUN_SCRIPTS":""},"sourceToken":"Cldwcm9qZWN0cy8zNjkxMjc5MTY0NjEvbG9jYXRpb25zL3VzLWNlbnRyYWwxL2J1aWxkcy9jOTUwZWVjZC1hZmU2LTQxYjctODdhNy02ZTdlNGJiZDI5ODkSeXVzLWNlbnRyYWwxLWRvY2tlci5wa2cuZGV2L3Byb2plY3RtYXRlLTQ4NTExMC9nY2YtYXJ0aWZhY3RzL3Byb2plY3RtYXRlLS00ODUxMTBfX3VzLS1jZW50cmFsMV9fcGF5c3RhY2tfd2ViaG9vazp2ZXJzaW9uXzEYrYf0jd8KIktwcm9qZWN0cy9wcm9qZWN0bWF0ZS00ODUxMTAvbG9jYXRpb25zL3VzLWNlbnRyYWwxL2Z1bmN0aW9ucy9wYXlzdGFja1dlYmhvb2sqCwjrnOzOBhCwmOJKMghub2RlanMyMDp2CiNnY3IuaW8vZ2FlLXJ1bnRpbWVzL25vZGVqczIwOnN0YWJsZRJPdXMtY2VudHJhbDEtZG9ja2VyLnBrZy5kZXYvc2VydmVybGVzcy1ydW50aW1lcy9nb29nbGUtMjItZnVsbC9ydW50aW1lcy9ub2RlanMyMEAB"},"serviceConfig":{"environmentVariables":{"FIREBASE_CONFIG":"{\"projectId\":\"projectmate-485110\",\"storageBucket\":\"projectmate-485110.firebasestorage.app\"}","GCLOUD_PROJECT":"projectmate-485110","EVENTARC_CLOUD_EVENT_SOURCE":"projects/projectmate-485110/locations/us-central1/services/generateOutline","FUNCTION_TARGET":"generateOutline","LOG_EXECUTION_ID":"true","FUNCTION_SIGNATURE_TYPE":"http"},"secretEnvironmentVariables":[{"key":"GEMINI_API_KEY","secret":"GEMINI_API_KEY","projectId":"projectmate-485110","version":"3"}],"ingressSettings":null,"timeoutSeconds":null,"serviceAccountEmail":null,"availableMemory":"256Mi","minInstanceCount":null,"maxInstanceCount":null,"maxInstanceRequestConcurrency":80,"availableCpu":"1","vpcConnector":null,"vpcConnectorEgressSettings":null,"directVpcNetworkInterface":null,"directVpcEgress":null},"labels":{"deployment-tool":"cli-firebase","deployment-callable":"true","firebase-functions-hash":"a09b89b8a4e3da9631cd1eed21295e125b69dba2"}}
[debug] [2026-04-12T03:16:04.239Z] >>> [apiv2][query] PATCH https://cloudfunctions.googleapis.com/v2/projects/projectmate-485110/locations/us-central1/functions/generateChapterStream updateMask=name%2CbuildConfig.runtime%2CbuildConfig.entryPoint%2CbuildConfig.source.storageSource.bucket%2CbuildConfig.source.storageSource.object%2CbuildConfig.environmentVariables%2CbuildConfig.sourceToken%2CserviceConfig.environmentVariables%2CserviceConfig.secretEnvironmentVariables%2CserviceConfig.ingressSettings%2CserviceConfig.timeoutSeconds%2CserviceConfig.serviceAccountEmail%2CserviceConfig.availableMemory%2CserviceConfig.minInstanceCount%2CserviceConfig.maxInstanceCount%2CserviceConfig.maxInstanceRequestConcurrency%2CserviceConfig.availableCpu%2CserviceConfig.vpcConnector%2CserviceConfig.vpcConnectorEgressSettings%2CserviceConfig.directVpcNetworkInterface%2CserviceConfig.directVpcEgress%2Clabels
[debug] [2026-04-12T03:16:04.403Z] >>> [apiv2][body] PATCH https://cloudfunctions.googleapis.com/v2/projects/projectmate-485110/locations/us-central1/functions/generateChapterStream {"name":"projects/projectmate-485110/locations/us-central1/functions/generateChapterStream","buildConfig":{"runtime":"nodejs20","entryPoint":"generateChapterStream","source":{"storageSource":{"bucket":"gcf-v2-uploads-369127916461.us-central1.cloudfunctions.appspot.com","object":"baf0f1c0-fd67-4ade-b0b4-bf07461abfbb.zip"}},"environmentVariables":{"GOOGLE_NODE_RUN_SCRIPTS":""},"sourceToken":"Cldwcm9qZWN0cy8zNjkxMjc5MTY0NjEvbG9jYXRpb25zL3VzLWNlbnRyYWwxL2J1aWxkcy9jOTUwZWVjZC1hZmU2LTQxYjctODdhNy02ZTdlNGJiZDI5ODkSeXVzLWNlbnRyYWwxLWRvY2tlci5wa2cuZGV2L3Byb2plY3RtYXRlLTQ4NTExMC9nY2YtYXJ0aWZhY3RzL3Byb2plY3RtYXRlLS00ODUxMTBfX3VzLS1jZW50cmFsMV9fcGF5c3RhY2tfd2ViaG9vazp2ZXJzaW9uXzEYrYf0jd8KIktwcm9qZWN0cy9wcm9qZWN0bWF0ZS00ODUxMTAvbG9jYXRpb25zL3VzLWNlbnRyYWwxL2Z1bmN0aW9ucy9wYXlzdGFja1dlYmhvb2sqCwjrnOzOBhCwmOJKMghub2RlanMyMDp2CiNnY3IuaW8vZ2FlLXJ1bnRpbWVzL25vZGVqczIwOnN0YWJsZRJPdXMtY2VudHJhbDEtZG9ja2VyLnBrZy5kZXYvc2VydmVybGVzcy1ydW50aW1lcy9nb29nbGUtMjItZnVsbC9ydW50aW1lcy9ub2RlanMyMEAB"},"serviceConfig":{"environmentVariables":{"FIREBASE_CONFIG":"{\"projectId\":\"projectmate-485110\",\"storageBucket\":\"projectmate-485110.firebasestorage.app\"}","GCLOUD_PROJECT":"projectmate-485110","EVENTARC_CLOUD_EVENT_SOURCE":"projects/projectmate-485110/locations/us-central1/services/generateChapterStream","FUNCTION_TARGET":"generateChapterStream","LOG_EXECUTION_ID":"true","FUNCTION_SIGNATURE_TYPE":"http"},"secretEnvironmentVariables":[{"key":"GEMINI_API_KEY","secret":"GEMINI_API_KEY","projectId":"projectmate-485110","version":"3"}],"ingressSettings":null,"timeoutSeconds":null,"serviceAccountEmail":null,"availableMemory":"256Mi","minInstanceCount":null,"maxInstanceCount":null,"maxInstanceRequestConcurrency":80,"availableCpu":"1","vpcConnector":null,"vpcConnectorEgressSettings":null,"directVpcNetworkInterface":null,"directVpcEgress":null},"labels":{"deployment-tool":"cli-firebase","firebase-functions-hash":"a09b89b8a4e3da9631cd1eed21295e125b69dba2"}}
[debug] [2026-04-12T03:16:04.412Z] >>> [apiv2][query] PATCH https://cloudfunctions.googleapis.com/v2/projects/projectmate-485110/locations/us-central1/functions/generateSectionStream updateMask=name%2CbuildConfig.runtime%2CbuildConfig.entryPoint%2CbuildConfig.source.storageSource.bucket%2CbuildConfig.source.storageSource.object%2CbuildConfig.environmentVariables%2CbuildConfig.sourceToken%2CserviceConfig.environmentVariables%2CserviceConfig.secretEnvironmentVariables%2CserviceConfig.ingressSettings%2CserviceConfig.timeoutSeconds%2CserviceConfig.serviceAccountEmail%2CserviceConfig.availableMemory%2CserviceConfig.minInstanceCount%2CserviceConfig.maxInstanceCount%2CserviceConfig.maxInstanceRequestConcurrency%2CserviceConfig.availableCpu%2CserviceConfig.vpcConnector%2CserviceConfig.vpcConnectorEgressSettings%2CserviceConfig.directVpcNetworkInterface%2CserviceConfig.directVpcEgress%2Clabels
[debug] [2026-04-12T03:16:04.539Z] >>> [apiv2][body] PATCH https://cloudfunctions.googleapis.com/v2/projects/projectmate-485110/locations/us-central1/functions/generateSectionStream {"name":"projects/projectmate-485110/locations/us-central1/functions/generateSectionStream","buildConfig":{"runtime":"nodejs20","entryPoint":"generateSectionStream","source":{"storageSource":{"bucket":"gcf-v2-uploads-369127916461.us-central1.cloudfunctions.appspot.com","object":"baf0f1c0-fd67-4ade-b0b4-bf07461abfbb.zip"}},"environmentVariables":{"GOOGLE_NODE_RUN_SCRIPTS":""},"sourceToken":"Cldwcm9qZWN0cy8zNjkxMjc5MTY0NjEvbG9jYXRpb25zL3VzLWNlbnRyYWwxL2J1aWxkcy9jOTUwZWVjZC1hZmU2LTQxYjctODdhNy02ZTdlNGJiZDI5ODkSeXVzLWNlbnRyYWwxLWRvY2tlci5wa2cuZGV2L3Byb2plY3RtYXRlLTQ4NTExMC9nY2YtYXJ0aWZhY3RzL3Byb2plY3RtYXRlLS00ODUxMTBfX3VzLS1jZW50cmFsMV9fcGF5c3RhY2tfd2ViaG9vazp2ZXJzaW9uXzEYrYf0jd8KIktwcm9qZWN0cy9wcm9qZWN0bWF0ZS00ODUxMTAvbG9jYXRpb25zL3VzLWNlbnRyYWwxL2Z1bmN0aW9ucy9wYXlzdGFja1dlYmhvb2sqCwjrnOzOBhCwmOJKMghub2RlanMyMDp2CiNnY3IuaW8vZ2FlLXJ1bnRpbWVzL25vZGVqczIwOnN0YWJsZRJPdXMtY2VudHJhbDEtZG9ja2VyLnBrZy5kZXYvc2VydmVybGVzcy1ydW50aW1lcy9nb29nbGUtMjItZnVsbC9ydW50aW1lcy9ub2RlanMyMEAB"},"serviceConfig":{"environmentVariables":{"FIREBASE_CONFIG":"{\"projectId\":\"projectmate-485110\",\"storageBucket\":\"projectmate-485110.firebasestorage.app\"}","GCLOUD_PROJECT":"projectmate-485110","EVENTARC_CLOUD_EVENT_SOURCE":"projects/projectmate-485110/locations/us-central1/services/generateSectionStream","FUNCTION_TARGET":"generateSectionStream","LOG_EXECUTION_ID":"true","FUNCTION_SIGNATURE_TYPE":"http"},"secretEnvironmentVariables":[{"key":"GEMINI_API_KEY","secret":"GEMINI_API_KEY","projectId":"projectmate-485110","version":"3"}],"ingressSettings":null,"timeoutSeconds":null,"serviceAccountEmail":null,"availableMemory":"256Mi","minInstanceCount":null,"maxInstanceCount":null,"maxInstanceRequestConcurrency":80,"availableCpu":"1","vpcConnector":null,"vpcConnectorEgressSettings":null,"directVpcNetworkInterface":null,"directVpcEgress":null},"labels":{"deployment-tool":"cli-firebase","firebase-functions-hash":"a09b89b8a4e3da9631cd1eed21295e125b69dba2"}}
[debug] [2026-04-12T03:16:04.550Z] >>> [apiv2][query] PATCH https://cloudfunctions.googleapis.com/v2/projects/projectmate-485110/locations/us-central1/functions/elaborateStream updateMask=name%2CbuildConfig.runtime%2CbuildConfig.entryPoint%2CbuildConfig.source.storageSource.bucket%2CbuildConfig.source.storageSource.object%2CbuildConfig.environmentVariables%2CbuildConfig.sourceToken%2CserviceConfig.environmentVariables%2CserviceConfig.secretEnvironmentVariables%2CserviceConfig.ingressSettings%2CserviceConfig.timeoutSeconds%2CserviceConfig.serviceAccountEmail%2CserviceConfig.availableMemory%2CserviceConfig.minInstanceCount%2CserviceConfig.maxInstanceCount%2CserviceConfig.maxInstanceRequestConcurrency%2CserviceConfig.availableCpu%2CserviceConfig.vpcConnector%2CserviceConfig.vpcConnectorEgressSettings%2CserviceConfig.directVpcNetworkInterface%2CserviceConfig.directVpcEgress%2Clabels
[debug] [2026-04-12T03:16:04.552Z] >>> [apiv2][body] PATCH https://cloudfunctions.googleapis.com/v2/projects/projectmate-485110/locations/us-central1/functions/elaborateStream {"name":"projects/projectmate-485110/locations/us-central1/functions/elaborateStream","buildConfig":{"runtime":"nodejs20","entryPoint":"elaborateStream","source":{"storageSource":{"bucket":"gcf-v2-uploads-369127916461.us-central1.cloudfunctions.appspot.com","object":"baf0f1c0-fd67-4ade-b0b4-bf07461abfbb.zip"}},"environmentVariables":{"GOOGLE_NODE_RUN_SCRIPTS":""},"sourceToken":"Cldwcm9qZWN0cy8zNjkxMjc5MTY0NjEvbG9jYXRpb25zL3VzLWNlbnRyYWwxL2J1aWxkcy9jOTUwZWVjZC1hZmU2LTQxYjctODdhNy02ZTdlNGJiZDI5ODkSeXVzLWNlbnRyYWwxLWRvY2tlci5wa2cuZGV2L3Byb2plY3RtYXRlLTQ4NTExMC9nY2YtYXJ0aWZhY3RzL3Byb2plY3RtYXRlLS00ODUxMTBfX3VzLS1jZW50cmFsMV9fcGF5c3RhY2tfd2ViaG9vazp2ZXJzaW9uXzEYrYf0jd8KIktwcm9qZWN0cy9wcm9qZWN0bWF0ZS00ODUxMTAvbG9jYXRpb25zL3VzLWNlbnRyYWwxL2Z1bmN0aW9ucy9wYXlzdGFja1dlYmhvb2sqCwjrnOzOBhCwmOJKMghub2RlanMyMDp2CiNnY3IuaW8vZ2FlLXJ1bnRpbWVzL25vZGVqczIwOnN0YWJsZRJPdXMtY2VudHJhbDEtZG9ja2VyLnBrZy5kZXYvc2VydmVybGVzcy1ydW50aW1lcy9nb29nbGUtMjItZnVsbC9ydW50aW1lcy9ub2RlanMyMEAB"},"serviceConfig":{"environmentVariables":{"FIREBASE_CONFIG":"{\"projectId\":\"projectmate-485110\",\"storageBucket\":\"projectmate-485110.firebasestorage.app\"}","GCLOUD_PROJECT":"projectmate-485110","EVENTARC_CLOUD_EVENT_SOURCE":"projects/projectmate-485110/locations/us-central1/services/elaborateStream","FUNCTION_TARGET":"elaborateStream","LOG_EXECUTION_ID":"true","FUNCTION_SIGNATURE_TYPE":"http"},"secretEnvironmentVariables":[{"key":"GEMINI_API_KEY","secret":"GEMINI_API_KEY","projectId":"projectmate-485110","version":"3"}],"ingressSettings":null,"timeoutSeconds":null,"serviceAccountEmail":null,"availableMemory":"256Mi","minInstanceCount":null,"maxInstanceCount":null,"maxInstanceRequestConcurrency":80,"availableCpu":"1","vpcConnector":null,"vpcConnectorEgressSettings":null,"directVpcNetworkInterface":null,"directVpcEgress":null},"labels":{"deployment-tool":"cli-firebase","firebase-functions-hash":"a09b89b8a4e3da9631cd1eed21295e125b69dba2"}}
[debug] [2026-04-12T03:16:06.021Z] <<< [apiv2][status] PATCH https://cloudfunctions.googleapis.com/v2/projects/projectmate-485110/locations/us-central1/functions/generateTopics 200
[debug] [2026-04-12T03:16:06.289Z] <<< [apiv2][body] PATCH https://cloudfunctions.googleapis.com/v2/projects/projectmate-485110/locations/us-central1/functions/generateTopics {"name":"projects/projectmate-485110/locations/us-central1/operations/operation-1775963766654-64f3ac9720725-e8468a7c-ec77a1b3","metadata":{"@type":"type.googleapis.com/google.cloud.functions.v2.OperationMetadata","createTime":"2026-04-12T03:16:07.551853971Z","target":"projects/projectmate-485110/locations/us-central1/functions/generateTopics","verb":"update","cancelRequested":false,"apiVersion":"v2"},"done":false}
[debug] [2026-04-12T03:16:06.770Z] Checked if tokens are valid: true, expires at: 1775966200663
[debug] [2026-04-12T03:16:06.903Z] Checked if tokens are valid: true, expires at: 1775966200663
[debug] [2026-04-12T03:16:06.906Z] >>> [apiv2][query] GET https://cloudfunctions.googleapis.com/v2/projects/projectmate-485110/locations/us-central1/operations/operation-1775963766654-64f3ac9720725-e8468a7c-ec77a1b3 [none]
[debug] [2026-04-12T03:16:06.919Z] <<< [apiv2][status] PATCH https://cloudfunctions.googleapis.com/v2/projects/projectmate-485110/locations/us-central1/functions/generateSectionStream 200
[debug] [2026-04-12T03:16:06.921Z] <<< [apiv2][body] PATCH https://cloudfunctions.googleapis.com/v2/projects/projectmate-485110/locations/us-central1/functions/generateSectionStream {"name":"projects/projectmate-485110/locations/us-central1/operations/operation-1775963767341-64f3ac97c8135-6049935c-031a0217","metadata":{"@type":"type.googleapis.com/google.cloud.functions.v2.OperationMetadata","createTime":"2026-04-12T03:16:08.117410843Z","target":"projects/projectmate-485110/locations/us-central1/functions/generateSectionStream","verb":"update","cancelRequested":false,"apiVersion":"v2"},"done":false}
[debug] [2026-04-12T03:16:06.922Z] Checked if tokens are valid: true, expires at: 1775966200663
[debug] [2026-04-12T03:16:06.922Z] Checked if tokens are valid: true, expires at: 1775966200663
[debug] [2026-04-12T03:16:06.925Z] >>> [apiv2][query] GET https://cloudfunctions.googleapis.com/v2/projects/projectmate-485110/locations/us-central1/operations/operation-1775963767341-64f3ac97c8135-6049935c-031a0217 [none]
[debug] [2026-04-12T03:16:06.941Z] <<< [apiv2][status] PATCH https://cloudfunctions.googleapis.com/v2/projects/projectmate-485110/locations/us-central1/functions/generateOutline 200
[debug] [2026-04-12T03:16:06.956Z] <<< [apiv2][body] PATCH https://cloudfunctions.googleapis.com/v2/projects/projectmate-485110/locations/us-central1/functions/generateOutline {"name":"projects/projectmate-485110/locations/us-central1/operations/operation-1775963767507-64f3ac97f0beb-12627e36-1428ceaa","metadata":{"@type":"type.googleapis.com/google.cloud.functions.v2.OperationMetadata","createTime":"2026-04-12T03:16:08.275516392Z","target":"projects/projectmate-485110/locations/us-central1/functions/generateOutline","verb":"update","cancelRequested":false,"apiVersion":"v2"},"done":false}
[debug] [2026-04-12T03:16:06.961Z] Checked if tokens are valid: true, expires at: 1775966200663
[debug] [2026-04-12T03:16:06.964Z] Checked if tokens are valid: true, expires at: 1775966200663
[debug] [2026-04-12T03:16:06.966Z] >>> [apiv2][query] GET https://cloudfunctions.googleapis.com/v2/projects/projectmate-485110/locations/us-central1/operations/operation-1775963767507-64f3ac97f0beb-12627e36-1428ceaa [none]
[debug] [2026-04-12T03:16:06.969Z] <<< [apiv2][status] PATCH https://cloudfunctions.googleapis.com/v2/projects/projectmate-485110/locations/us-central1/functions/elaborateStream 200
[debug] [2026-04-12T03:16:06.970Z] <<< [apiv2][body] PATCH https://cloudfunctions.googleapis.com/v2/projects/projectmate-485110/locations/us-central1/functions/elaborateStream {"name":"projects/projectmate-485110/locations/us-central1/operations/operation-1775963767311-64f3ac97c0e05-c91a5066-6fc597ca","metadata":{"@type":"type.googleapis.com/google.cloud.functions.v2.OperationMetadata","createTime":"2026-04-12T03:16:08.197422641Z","target":"projects/projectmate-485110/locations/us-central1/functions/elaborateStream","verb":"update","cancelRequested":false,"apiVersion":"v2"},"done":false}
[debug] [2026-04-12T03:16:06.971Z] Checked if tokens are valid: true, expires at: 1775966200663
[debug] [2026-04-12T03:16:06.972Z] Checked if tokens are valid: true, expires at: 1775966200663
[debug] [2026-04-12T03:16:06.973Z] >>> [apiv2][query] GET https://cloudfunctions.googleapis.com/v2/projects/projectmate-485110/locations/us-central1/operations/operation-1775963767311-64f3ac97c0e05-c91a5066-6fc597ca [none]
[debug] [2026-04-12T03:16:06.975Z] <<< [apiv2][status] PATCH https://cloudfunctions.googleapis.com/v2/projects/projectmate-485110/locations/us-central1/functions/generateChapterStream 200
[debug] [2026-04-12T03:16:06.976Z] <<< [apiv2][body] PATCH https://cloudfunctions.googleapis.com/v2/projects/projectmate-485110/locations/us-central1/functions/generateChapterStream {"name":"projects/projectmate-485110/locations/us-central1/operations/operation-1775963767535-64f3ac97f767a-41e13fbc-668fb6cf","metadata":{"@type":"type.googleapis.com/google.cloud.functions.v2.OperationMetadata","createTime":"2026-04-12T03:16:08.349931342Z","target":"projects/projectmate-485110/locations/us-central1/functions/generateChapterStream","verb":"update","cancelRequested":false,"apiVersion":"v2"},"done":false}
[debug] [2026-04-12T03:16:06.977Z] Checked if tokens are valid: true, expires at: 1775966200663
[debug] [2026-04-12T03:16:06.977Z] Checked if tokens are valid: true, expires at: 1775966200663
[debug] [2026-04-12T03:16:06.978Z] >>> [apiv2][query] GET https://cloudfunctions.googleapis.com/v2/projects/projectmate-485110/locations/us-central1/operations/operation-1775963767535-64f3ac97f767a-41e13fbc-668fb6cf [none]
[debug] [2026-04-12T03:16:07.582Z] <<< [apiv2][status] GET https://cloudfunctions.googleapis.com/v2/projects/projectmate-485110/locations/us-central1/operations/operation-1775963767311-64f3ac97c0e05-c91a5066-6fc597ca 200
[debug] [2026-04-12T03:16:07.622Z] <<< [apiv2][body] GET https://cloudfunctions.googleapis.com/v2/projects/projectmate-485110/locations/us-central1/operations/operation-1775963767311-64f3ac97c0e05-c91a5066-6fc597ca {"name":"projects/projectmate-485110/locations/us-central1/operations/operation-1775963767311-64f3ac97c0e05-c91a5066-6fc597ca","metadata":{"@type":"type.googleapis.com/google.cloud.functions.v2.OperationMetadata","createTime":"2026-04-12T03:16:08.197422641Z","target":"projects/projectmate-485110/locations/us-central1/functions/elaborateStream","verb":"update","cancelRequested":false,"apiVersion":"v2","requestResource":{"@type":"type.googleapis.com/google.cloud.functions.v2.Function","name":"projects/projectmate-485110/locations/us-central1/functions/elaborateStream","buildConfig":{"runtime":"nodejs20","entryPoint":"elaborateStream","source":{"storageSource":{"bucket":"gcf-v2-sources-369127916461-us-central1","object":"elaborateStream/function-source.zip","generation":"1775963768156238"}},"environmentVariables":{"GOOGLE_NODE_RUN_SCRIPTS":""},"dockerRepository":"projects/projectmate-485110/locations/us-central1/repositories/gcf-artifacts","sourceProvenance":{"resolvedStorageSource":{"bucket":"gcf-v2-sources-369127916461-us-central1","object":"elaborateStream/function-source.zip","generation":"1775948931386201"}},"dockerRegistry":"ARTIFACT_REGISTRY","sourceToken":"Cldwcm9qZWN0cy8zNjkxMjc5MTY0NjEvbG9jYXRpb25zL3VzLWNlbnRyYWwxL2J1aWxkcy9jOTUwZWVjZC1hZmU2LTQxYjctODdhNy02ZTdlNGJiZDI5ODkSeXVzLWNlbnRyYWwxLWRvY2tlci5wa2cuZGV2L3Byb2plY3RtYXRlLTQ4NTExMC9nY2YtYXJ0aWZhY3RzL3Byb2plY3RtYXRlLS00ODUxMTBfX3VzLS1jZW50cmFsMV9fcGF5c3RhY2tfd2ViaG9vazp2ZXJzaW9uXzEYrYf0jd8KIktwcm9qZWN0cy9wcm9qZWN0bWF0ZS00ODUxMTAvbG9jYXRpb25zL3VzLWNlbnRyYWwxL2Z1bmN0aW9ucy9wYXlzdGFja1dlYmhvb2sqCwjrnOzOBhCwmOJKMghub2RlanMyMDp2CiNnY3IuaW8vZ2FlLXJ1bnRpbWVzL25vZGVqczIwOnN0YWJsZRJPdXMtY2VudHJhbDEtZG9ja2VyLnBrZy5kZXYvc2VydmVybGVzcy1ydW50aW1lcy9nb29nbGUtMjItZnVsbC9ydW50aW1lcy9ub2RlanMyMEAB","serviceAccount":"projects/projectmate-485110/serviceAccounts/369127916461-compute@developer.gserviceaccount.com","automaticUpdatePolicy":{}},"serviceConfig":{"service":"projects/projectmate-485110/locations/us-central1/services/elaboratestream","timeoutSeconds":60,"environmentVariables":{"FIREBASE_CONFIG":"{\"projectId\":\"projectmate-485110\",\"storageBucket\":\"projectmate-485110.firebasestorage.app\"}","GCLOUD_PROJECT":"projectmate-485110","EVENTARC_CLOUD_EVENT_SOURCE":"projects/projectmate-485110/locations/us-central1/services/elaborateStream","FUNCTION_TARGET":"elaborateStream","LOG_EXECUTION_ID":"true","FUNCTION_SIGNATURE_TYPE":"http"},"ingressSettings":"ALLOW_ALL","uri":"https://elaboratestream-7e24pliqpa-uc.a.run.app","serviceAccountEmail":"369127916461-compute@developer.gserviceaccount.com","availableMemory":"256Mi","allTrafficOnLatestRevision":true,"secretEnvironmentVariables":[{"key":"GEMINI_API_KEY","projectId":"projectmate-485110","secret":"GEMINI_API_KEY","version":"3"}],"revision":"elaboratestream-00012-mox","maxInstanceRequestConcurrency":80,"availableCpu":"1"},"state":"ACTIVE","labels":{"deployment-tool":"cli-firebase","firebase-functions-hash":"a09b89b8a4e3da9631cd1eed21295e125b69dba2"},"environment":"GEN_2","url":"https://us-central1-projectmate-485110.cloudfunctions.net/elaborateStream","satisfiesPzi":true},"stages":[{"name":"BUILD","message":"Reusing build","state":"COMPLETE","resource":"projects/369127916461/locations/us-central1/builds/c950eecd-afe6-41b7-87a7-6e7e4bbd2989","stateMessages":[{"severity":"WARNING","type":"BuildAnalysisWarning","message":"Node.js 20 is no longer supported by the Node.js community as of 30 April, 2026. Node.js 20 will be deprecated on 2026-04-30. We recommend you to upgrade to the latest version of Node.js as soon as possible."}]},{"name":"SERVICE","message":"Updating Cloud Run service","state":"IN_PROGRESS","resource":"projects/projectmate-485110/locations/us-central1/services/elaboratestream","resourceUri":"https://console.cloud.google.com/run/detail/us-central1/elaboratestream?project=projectmate-485110","stateMessages":[{"severity":"INFO","type":"CloudRunServiceNewRevisionTrafficInfo","message":"A new revision will be deployed serving with 100% traffic."}]}],"sourceToken":"Cldwcm9qZWN0cy8zNjkxMjc5MTY0NjEvbG9jYXRpb25zL3VzLWNlbnRyYWwxL2J1aWxkcy9jOTUwZWVjZC1hZmU2LTQxYjctODdhNy02ZTdlNGJiZDI5ODkSeXVzLWNlbnRyYWwxLWRvY2tlci5wa2cuZGV2L3Byb2plY3RtYXRlLTQ4NTExMC9nY2YtYXJ0aWZhY3RzL3Byb2plY3RtYXRlLS00ODUxMTBfX3VzLS1jZW50cmFsMV9fcGF5c3RhY2tfd2ViaG9vazp2ZXJzaW9uXzEYrYf0jd8KIktwcm9qZWN0cy9wcm9qZWN0bWF0ZS00ODUxMTAvbG9jYXRpb25zL3VzLWNlbnRyYWwxL2Z1bmN0aW9ucy9wYXlzdGFja1dlYmhvb2sqCwjrnOzOBhCwmOJKMghub2RlanMyMDp2CiNnY3IuaW8vZ2FlLXJ1bnRpbWVzL25vZGVqczIwOnN0YWJsZRJPdXMtY2VudHJhbDEtZG9ja2VyLnBrZy5kZXYvc2VydmVybGVzcy1ydW50aW1lcy9nb29nbGUtMjItZnVsbC9ydW50aW1lcy9ub2RlanMyMEAB","operationType":"UPDATE_FUNCTION","buildName":"projects/369127916461/locations/us-central1/builds/c950eecd-afe6-41b7-87a7-6e7e4bbd2989"},"done":false}
[debug] [2026-04-12T03:16:07.703Z] Got source token Cldwcm9qZWN0cy8zNjkxMjc5MTY0NjEvbG9jYXRpb25zL3VzLWNlbnRyYWwxL2J1aWxkcy9jOTUwZWVjZC1hZmU2LTQxYjctODdhNy02ZTdlNGJiZDI5ODkSeXVzLWNlbnRyYWwxLWRvY2tlci5wa2cuZGV2L3Byb2plY3RtYXRlLTQ4NTExMC9nY2YtYXJ0aWZhY3RzL3Byb2plY3RtYXRlLS00ODUxMTBfX3VzLS1jZW50cmFsMV9fcGF5c3RhY2tfd2ViaG9vazp2ZXJzaW9uXzEYrYf0jd8KIktwcm9qZWN0cy9wcm9qZWN0bWF0ZS00ODUxMTAvbG9jYXRpb25zL3VzLWNlbnRyYWwxL2Z1bmN0aW9ucy9wYXlzdGFja1dlYmhvb2sqCwjrnOzOBhCwmOJKMghub2RlanMyMDp2CiNnY3IuaW8vZ2FlLXJ1bnRpbWVzL25vZGVqczIwOnN0YWJsZRJPdXMtY2VudHJhbDEtZG9ja2VyLnBrZy5kZXYvc2VydmVybGVzcy1ydW50aW1lcy9nb29nbGUtMjItZnVsbC9ydW50aW1lcy9ub2RlanMyMEAB for region us-central1
[debug] [2026-04-12T03:16:07.716Z] <<< [apiv2][status] GET https://cloudfunctions.googleapis.com/v2/projects/projectmate-485110/locations/us-central1/operations/operation-1775963766654-64f3ac9720725-e8468a7c-ec77a1b3 200
[debug] [2026-04-12T03:16:07.718Z] <<< [apiv2][body] GET https://cloudfunctions.googleapis.com/v2/projects/projectmate-485110/locations/us-central1/operations/operation-1775963766654-64f3ac9720725-e8468a7c-ec77a1b3 {"name":"projects/projectmate-485110/locations/us-central1/operations/operation-1775963766654-64f3ac9720725-e8468a7c-ec77a1b3","metadata":{"@type":"type.googleapis.com/google.cloud.functions.v2.OperationMetadata","createTime":"2026-04-12T03:16:07.551853971Z","target":"projects/projectmate-485110/locations/us-central1/functions/generateTopics","verb":"update","cancelRequested":false,"apiVersion":"v2","requestResource":{"@type":"type.googleapis.com/google.cloud.functions.v2.Function","name":"projects/projectmate-485110/locations/us-central1/functions/generateTopics","buildConfig":{"runtime":"nodejs20","entryPoint":"generateTopics","source":{"storageSource":{"bucket":"gcf-v2-sources-369127916461-us-central1","object":"generateTopics/function-source.zip","generation":"1775963767489420"}},"environmentVariables":{"GOOGLE_NODE_RUN_SCRIPTS":""},"dockerRepository":"projects/projectmate-485110/locations/us-central1/repositories/gcf-artifacts","sourceProvenance":{"resolvedStorageSource":{"bucket":"gcf-v2-sources-369127916461-us-central1","object":"generateTopics/function-source.zip","generation":"1775948931032963"}},"dockerRegistry":"ARTIFACT_REGISTRY","sourceToken":"Cldwcm9qZWN0cy8zNjkxMjc5MTY0NjEvbG9jYXRpb25zL3VzLWNlbnRyYWwxL2J1aWxkcy9jOTUwZWVjZC1hZmU2LTQxYjctODdhNy02ZTdlNGJiZDI5ODkSeXVzLWNlbnRyYWwxLWRvY2tlci5wa2cuZGV2L3Byb2plY3RtYXRlLTQ4NTExMC9nY2YtYXJ0aWZhY3RzL3Byb2plY3RtYXRlLS00ODUxMTBfX3VzLS1jZW50cmFsMV9fcGF5c3RhY2tfd2ViaG9vazp2ZXJzaW9uXzEYrYf0jd8KIktwcm9qZWN0cy9wcm9qZWN0bWF0ZS00ODUxMTAvbG9jYXRpb25zL3VzLWNlbnRyYWwxL2Z1bmN0aW9ucy9wYXlzdGFja1dlYmhvb2sqCwjrnOzOBhCwmOJKMghub2RlanMyMDp2CiNnY3IuaW8vZ2FlLXJ1bnRpbWVzL25vZGVqczIwOnN0YWJsZRJPdXMtY2VudHJhbDEtZG9ja2VyLnBrZy5kZXYvc2VydmVybGVzcy1ydW50aW1lcy9nb29nbGUtMjItZnVsbC9ydW50aW1lcy9ub2RlanMyMEAB","serviceAccount":"projects/projectmate-485110/serviceAccounts/369127916461-compute@developer.gserviceaccount.com","automaticUpdatePolicy":{}},"serviceConfig":{"service":"projects/projectmate-485110/locations/us-central1/services/generatetopics","timeoutSeconds":60,"environmentVariables":{"FIREBASE_CONFIG":"{\"projectId\":\"projectmate-485110\",\"storageBucket\":\"projectmate-485110.firebasestorage.app\"}","GCLOUD_PROJECT":"projectmate-485110","EVENTARC_CLOUD_EVENT_SOURCE":"projects/projectmate-485110/locations/us-central1/services/generateTopics","FUNCTION_TARGET":"generateTopics","LOG_EXECUTION_ID":"true","FUNCTION_SIGNATURE_TYPE":"http"},"ingressSettings":"ALLOW_ALL","uri":"https://generatetopics-7e24pliqpa-uc.a.run.app","serviceAccountEmail":"369127916461-compute@developer.gserviceaccount.com","availableMemory":"256Mi","allTrafficOnLatestRevision":true,"secretEnvironmentVariables":[{"key":"GEMINI_API_KEY","projectId":"projectmate-485110","secret":"GEMINI_API_KEY","version":"3"}],"revision":"generatetopics-00014-res","maxInstanceRequestConcurrency":80,"availableCpu":"1"},"state":"ACTIVE","labels":{"deployment-tool":"cloud-console","deployment-callable":"true","firebase-functions-hash":"a09b89b8a4e3da9631cd1eed21295e125b69dba2"},"environment":"GEN_2","url":"https://us-central1-projectmate-485110.cloudfunctions.net/generateTopics","satisfiesPzi":true},"stages":[{"name":"BUILD","message":"Reusing build","state":"COMPLETE","resource":"projects/369127916461/locations/us-central1/builds/c950eecd-afe6-41b7-87a7-6e7e4bbd2989","stateMessages":[{"severity":"WARNING","type":"BuildAnalysisWarning","message":"Node.js 20 is no longer supported by the Node.js community as of 30 April, 2026. Node.js 20 will be deprecated on 2026-04-30. We recommend you to upgrade to the latest version of Node.js as soon as possible."}]},{"name":"SERVICE","message":"Updating Cloud Run service","state":"IN_PROGRESS","resource":"projects/projectmate-485110/locations/us-central1/services/generatetopics","resourceUri":"https://console.cloud.google.com/run/detail/us-central1/generatetopics?project=projectmate-485110","stateMessages":[{"severity":"INFO","type":"CloudRunServiceNewRevisionTrafficInfo","message":"A new revision will be deployed serving with 100% traffic."}]}],"sourceToken":"Cldwcm9qZWN0cy8zNjkxMjc5MTY0NjEvbG9jYXRpb25zL3VzLWNlbnRyYWwxL2J1aWxkcy9jOTUwZWVjZC1hZmU2LTQxYjctODdhNy02ZTdlNGJiZDI5ODkSeXVzLWNlbnRyYWwxLWRvY2tlci5wa2cuZGV2L3Byb2plY3RtYXRlLTQ4NTExMC9nY2YtYXJ0aWZhY3RzL3Byb2plY3RtYXRlLS00ODUxMTBfX3VzLS1jZW50cmFsMV9fcGF5c3RhY2tfd2ViaG9vazp2ZXJzaW9uXzEYrYf0jd8KIktwcm9qZWN0cy9wcm9qZWN0bWF0ZS00ODUxMTAvbG9jYXRpb25zL3VzLWNlbnRyYWwxL2Z1bmN0aW9ucy9wYXlzdGFja1dlYmhvb2sqCwjrnOzOBhCwmOJKMghub2RlanMyMDp2CiNnY3IuaW8vZ2FlLXJ1bnRpbWVzL25vZGVqczIwOnN0YWJsZRJPdXMtY2VudHJhbDEtZG9ja2VyLnBrZy5kZXYvc2VydmVybGVzcy1ydW50aW1lcy9nb29nbGUtMjItZnVsbC9ydW50aW1lcy9ub2RlanMyMEAB","operationType":"UPDATE_FUNCTION","buildName":"projects/369127916461/locations/us-central1/builds/c950eecd-afe6-41b7-87a7-6e7e4bbd2989"},"done":false}
[debug] [2026-04-12T03:16:07.721Z] Got source token Cldwcm9qZWN0cy8zNjkxMjc5MTY0NjEvbG9jYXRpb25zL3VzLWNlbnRyYWwxL2J1aWxkcy9jOTUwZWVjZC1hZmU2LTQxYjctODdhNy02ZTdlNGJiZDI5ODkSeXVzLWNlbnRyYWwxLWRvY2tlci5wa2cuZGV2L3Byb2plY3RtYXRlLTQ4NTExMC9nY2YtYXJ0aWZhY3RzL3Byb2plY3RtYXRlLS00ODUxMTBfX3VzLS1jZW50cmFsMV9fcGF5c3RhY2tfd2ViaG9vazp2ZXJzaW9uXzEYrYf0jd8KIktwcm9qZWN0cy9wcm9qZWN0bWF0ZS00ODUxMTAvbG9jYXRpb25zL3VzLWNlbnRyYWwxL2Z1bmN0aW9ucy9wYXlzdGFja1dlYmhvb2sqCwjrnOzOBhCwmOJKMghub2RlanMyMDp2CiNnY3IuaW8vZ2FlLXJ1bnRpbWVzL25vZGVqczIwOnN0YWJsZRJPdXMtY2VudHJhbDEtZG9ja2VyLnBrZy5kZXYvc2VydmVybGVzcy1ydW50aW1lcy9nb29nbGUtMjItZnVsbC9ydW50aW1lcy9ub2RlanMyMEAB for region us-central1
[debug] [2026-04-12T03:16:07.734Z] <<< [apiv2][status] GET https://cloudfunctions.googleapis.com/v2/projects/projectmate-485110/locations/us-central1/operations/operation-1775963767341-64f3ac97c8135-6049935c-031a0217 200
[debug] [2026-04-12T03:16:07.737Z] <<< [apiv2][body] GET https://cloudfunctions.googleapis.com/v2/projects/projectmate-485110/locations/us-central1/operations/operation-1775963767341-64f3ac97c8135-6049935c-031a0217 {"name":"projects/projectmate-485110/locations/us-central1/operations/operation-1775963767341-64f3ac97c8135-6049935c-031a0217","metadata":{"@type":"type.googleapis.com/google.cloud.functions.v2.OperationMetadata","createTime":"2026-04-12T03:16:08.117410843Z","target":"projects/projectmate-485110/locations/us-central1/functions/generateSectionStream","verb":"update","cancelRequested":false,"apiVersion":"v2","requestResource":{"@type":"type.googleapis.com/google.cloud.functions.v2.Function","name":"projects/projectmate-485110/locations/us-central1/functions/generateSectionStream","buildConfig":{"runtime":"nodejs20","entryPoint":"generateSectionStream","source":{"storageSource":{"bucket":"gcf-v2-sources-369127916461-us-central1","object":"generateSectionStream/function-source.zip","generation":"1775963768070176"}},"environmentVariables":{"GOOGLE_NODE_RUN_SCRIPTS":""},"dockerRepository":"projects/projectmate-485110/locations/us-central1/repositories/gcf-artifacts","sourceProvenance":{"resolvedStorageSource":{"bucket":"gcf-v2-sources-369127916461-us-central1","object":"generateSectionStream/function-source.zip","generation":"1775948931237070"}},"dockerRegistry":"ARTIFACT_REGISTRY","sourceToken":"Cldwcm9qZWN0cy8zNjkxMjc5MTY0NjEvbG9jYXRpb25zL3VzLWNlbnRyYWwxL2J1aWxkcy9jOTUwZWVjZC1hZmU2LTQxYjctODdhNy02ZTdlNGJiZDI5ODkSeXVzLWNlbnRyYWwxLWRvY2tlci5wa2cuZGV2L3Byb2plY3RtYXRlLTQ4NTExMC9nY2YtYXJ0aWZhY3RzL3Byb2plY3RtYXRlLS00ODUxMTBfX3VzLS1jZW50cmFsMV9fcGF5c3RhY2tfd2ViaG9vazp2ZXJzaW9uXzEYrYf0jd8KIktwcm9qZWN0cy9wcm9qZWN0bWF0ZS00ODUxMTAvbG9jYXRpb25zL3VzLWNlbnRyYWwxL2Z1bmN0aW9ucy9wYXlzdGFja1dlYmhvb2sqCwjrnOzOBhCwmOJKMghub2RlanMyMDp2CiNnY3IuaW8vZ2FlLXJ1bnRpbWVzL25vZGVqczIwOnN0YWJsZRJPdXMtY2VudHJhbDEtZG9ja2VyLnBrZy5kZXYvc2VydmVybGVzcy1ydW50aW1lcy9nb29nbGUtMjItZnVsbC9ydW50aW1lcy9ub2RlanMyMEAB","serviceAccount":"projects/projectmate-485110/serviceAccounts/369127916461-compute@developer.gserviceaccount.com","automaticUpdatePolicy":{}},"serviceConfig":{"service":"projects/projectmate-485110/locations/us-central1/services/generatesectionstream","timeoutSeconds":60,"environmentVariables":{"FIREBASE_CONFIG":"{\"projectId\":\"projectmate-485110\",\"storageBucket\":\"projectmate-485110.firebasestorage.app\"}","GCLOUD_PROJECT":"projectmate-485110","EVENTARC_CLOUD_EVENT_SOURCE":"projects/projectmate-485110/locations/us-central1/services/generateSectionStream","FUNCTION_TARGET":"generateSectionStream","LOG_EXECUTION_ID":"true","FUNCTION_SIGNATURE_TYPE":"http"},"ingressSettings":"ALLOW_ALL","uri":"https://generatesectionstream-7e24pliqpa-uc.a.run.app","serviceAccountEmail":"369127916461-compute@developer.gserviceaccount.com","availableMemory":"256Mi","allTrafficOnLatestRevision":true,"secretEnvironmentVariables":[{"key":"GEMINI_API_KEY","projectId":"projectmate-485110","secret":"GEMINI_API_KEY","version":"3"}],"revision":"generatesectionstream-00012-zox","maxInstanceRequestConcurrency":80,"availableCpu":"1"},"state":"ACTIVE","labels":{"deployment-tool":"cli-firebase","firebase-functions-hash":"a09b89b8a4e3da9631cd1eed21295e125b69dba2"},"environment":"GEN_2","url":"https://us-central1-projectmate-485110.cloudfunctions.net/generateSectionStream","satisfiesPzi":true},"stages":[{"name":"BUILD","message":"Reusing build","state":"COMPLETE","resource":"projects/369127916461/locations/us-central1/builds/c950eecd-afe6-41b7-87a7-6e7e4bbd2989","stateMessages":[{"severity":"WARNING","type":"BuildAnalysisWarning","message":"Node.js 20 is no longer supported by the Node.js community as of 30 April, 2026. Node.js 20 will be deprecated on 2026-04-30. We recommend you to upgrade to the latest version of Node.js as soon as possible."}]},{"name":"SERVICE","message":"Updating Cloud Run service","state":"IN_PROGRESS","resource":"projects/projectmate-485110/locations/us-central1/services/generatesectionstream","resourceUri":"https://console.cloud.google.com/run/detail/us-central1/generatesectionstream?project=projectmate-485110","stateMessages":[{"severity":"INFO","type":"CloudRunServiceNewRevisionTrafficInfo","message":"A new revision will be deployed serving with 100% traffic."}]}],"sourceToken":"Cldwcm9qZWN0cy8zNjkxMjc5MTY0NjEvbG9jYXRpb25zL3VzLWNlbnRyYWwxL2J1aWxkcy9jOTUwZWVjZC1hZmU2LTQxYjctODdhNy02ZTdlNGJiZDI5ODkSeXVzLWNlbnRyYWwxLWRvY2tlci5wa2cuZGV2L3Byb2plY3RtYXRlLTQ4NTExMC9nY2YtYXJ0aWZhY3RzL3Byb2plY3RtYXRlLS00ODUxMTBfX3VzLS1jZW50cmFsMV9fcGF5c3RhY2tfd2ViaG9vazp2ZXJzaW9uXzEYrYf0jd8KIktwcm9qZWN0cy9wcm9qZWN0bWF0ZS00ODUxMTAvbG9jYXRpb25zL3VzLWNlbnRyYWwxL2Z1bmN0aW9ucy9wYXlzdGFja1dlYmhvb2sqCwjrnOzOBhCwmOJKMghub2RlanMyMDp2CiNnY3IuaW8vZ2FlLXJ1bnRpbWVzL25vZGVqczIwOnN0YWJsZRJPdXMtY2VudHJhbDEtZG9ja2VyLnBrZy5kZXYvc2VydmVybGVzcy1ydW50aW1lcy9nb29nbGUtMjItZnVsbC9ydW50aW1lcy9ub2RlanMyMEAB","operationType":"UPDATE_FUNCTION","buildName":"projects/369127916461/locations/us-central1/builds/c950eecd-afe6-41b7-87a7-6e7e4bbd2989"},"done":false}
[debug] [2026-04-12T03:16:07.754Z] Got source token Cldwcm9qZWN0cy8zNjkxMjc5MTY0NjEvbG9jYXRpb25zL3VzLWNlbnRyYWwxL2J1aWxkcy9jOTUwZWVjZC1hZmU2LTQxYjctODdhNy02ZTdlNGJiZDI5ODkSeXVzLWNlbnRyYWwxLWRvY2tlci5wa2cuZGV2L3Byb2plY3RtYXRlLTQ4NTExMC9nY2YtYXJ0aWZhY3RzL3Byb2plY3RtYXRlLS00ODUxMTBfX3VzLS1jZW50cmFsMV9fcGF5c3RhY2tfd2ViaG9vazp2ZXJzaW9uXzEYrYf0jd8KIktwcm9qZWN0cy9wcm9qZWN0bWF0ZS00ODUxMTAvbG9jYXRpb25zL3VzLWNlbnRyYWwxL2Z1bmN0aW9ucy9wYXlzdGFja1dlYmhvb2sqCwjrnOzOBhCwmOJKMghub2RlanMyMDp2CiNnY3IuaW8vZ2FlLXJ1bnRpbWVzL25vZGVqczIwOnN0YWJsZRJPdXMtY2VudHJhbDEtZG9ja2VyLnBrZy5kZXYvc2VydmVybGVzcy1ydW50aW1lcy9nb29nbGUtMjItZnVsbC9ydW50aW1lcy9ub2RlanMyMEAB for region us-central1
[debug] [2026-04-12T03:16:07.838Z] <<< [apiv2][status] GET https://cloudfunctions.googleapis.com/v2/projects/projectmate-485110/locations/us-central1/operations/operation-1775963767535-64f3ac97f767a-41e13fbc-668fb6cf 200
[debug] [2026-04-12T03:16:07.869Z] <<< [apiv2][body] GET https://cloudfunctions.googleapis.com/v2/projects/projectmate-485110/locations/us-central1/operations/operation-1775963767535-64f3ac97f767a-41e13fbc-668fb6cf {"name":"projects/projectmate-485110/locations/us-central1/operations/operation-1775963767535-64f3ac97f767a-41e13fbc-668fb6cf","metadata":{"@type":"type.googleapis.com/google.cloud.functions.v2.OperationMetadata","createTime":"2026-04-12T03:16:08.349931342Z","target":"projects/projectmate-485110/locations/us-central1/functions/generateChapterStream","verb":"update","cancelRequested":false,"apiVersion":"v2","requestResource":{"@type":"type.googleapis.com/google.cloud.functions.v2.Function","name":"projects/projectmate-485110/locations/us-central1/functions/generateChapterStream","buildConfig":{"runtime":"nodejs20","entryPoint":"generateChapterStream","source":{"storageSource":{"bucket":"gcf-v2-sources-369127916461-us-central1","object":"generateChapterStream/function-source.zip","generation":"1775963768302524"}},"environmentVariables":{"GOOGLE_NODE_RUN_SCRIPTS":""},"dockerRepository":"projects/projectmate-485110/locations/us-central1/repositories/gcf-artifacts","sourceProvenance":{"resolvedStorageSource":{"bucket":"gcf-v2-sources-369127916461-us-central1","object":"generateChapterStream/function-source.zip","generation":"1775948931245841"}},"dockerRegistry":"ARTIFACT_REGISTRY","sourceToken":"Cldwcm9qZWN0cy8zNjkxMjc5MTY0NjEvbG9jYXRpb25zL3VzLWNlbnRyYWwxL2J1aWxkcy9jOTUwZWVjZC1hZmU2LTQxYjctODdhNy02ZTdlNGJiZDI5ODkSeXVzLWNlbnRyYWwxLWRvY2tlci5wa2cuZGV2L3Byb2plY3RtYXRlLTQ4NTExMC9nY2YtYXJ0aWZhY3RzL3Byb2plY3RtYXRlLS00ODUxMTBfX3VzLS1jZW50cmFsMV9fcGF5c3RhY2tfd2ViaG9vazp2ZXJzaW9uXzEYrYf0jd8KIktwcm9qZWN0cy9wcm9qZWN0bWF0ZS00ODUxMTAvbG9jYXRpb25zL3VzLWNlbnRyYWwxL2Z1bmN0aW9ucy9wYXlzdGFja1dlYmhvb2sqCwjrnOzOBhCwmOJKMghub2RlanMyMDp2CiNnY3IuaW8vZ2FlLXJ1bnRpbWVzL25vZGVqczIwOnN0YWJsZRJPdXMtY2VudHJhbDEtZG9ja2VyLnBrZy5kZXYvc2VydmVybGVzcy1ydW50aW1lcy9nb29nbGUtMjItZnVsbC9ydW50aW1lcy9ub2RlanMyMEAB","serviceAccount":"projects/projectmate-485110/serviceAccounts/369127916461-compute@developer.gserviceaccount.com","automaticUpdatePolicy":{}},"serviceConfig":{"service":"projects/projectmate-485110/locations/us-central1/services/generatechapterstream","timeoutSeconds":60,"environmentVariables":{"FIREBASE_CONFIG":"{\"projectId\":\"projectmate-485110\",\"storageBucket\":\"projectmate-485110.firebasestorage.app\"}","GCLOUD_PROJECT":"projectmate-485110","EVENTARC_CLOUD_EVENT_SOURCE":"projects/projectmate-485110/locations/us-central1/services/generateChapterStream","FUNCTION_TARGET":"generateChapterStream","LOG_EXECUTION_ID":"true","FUNCTION_SIGNATURE_TYPE":"http"},"ingressSettings":"ALLOW_ALL","uri":"https://generatechapterstream-7e24pliqpa-uc.a.run.app","serviceAccountEmail":"369127916461-compute@developer.gserviceaccount.com","availableMemory":"256Mi","allTrafficOnLatestRevision":true,"secretEnvironmentVariables":[{"key":"GEMINI_API_KEY","projectId":"projectmate-485110","secret":"GEMINI_API_KEY","version":"3"}],"revision":"generatechapterstream-00013-qav","maxInstanceRequestConcurrency":80,"availableCpu":"1"},"state":"ACTIVE","labels":{"deployment-tool":"cli-firebase","firebase-functions-hash":"a09b89b8a4e3da9631cd1eed21295e125b69dba2"},"environment":"GEN_2","url":"https://us-central1-projectmate-485110.cloudfunctions.net/generateChapterStream","satisfiesPzi":true},"stages":[{"name":"BUILD","message":"Reusing build","state":"COMPLETE","resource":"projects/369127916461/locations/us-central1/builds/c950eecd-afe6-41b7-87a7-6e7e4bbd2989","stateMessages":[{"severity":"WARNING","type":"BuildAnalysisWarning","message":"Node.js 20 is no longer supported by the Node.js community as of 30 April, 2026. Node.js 20 will be deprecated on 2026-04-30. We recommend you to upgrade to the latest version of Node.js as soon as possible."}]},{"name":"SERVICE","state":"NOT_STARTED"}],"sourceToken":"Cldwcm9qZWN0cy8zNjkxMjc5MTY0NjEvbG9jYXRpb25zL3VzLWNlbnRyYWwxL2J1aWxkcy9jOTUwZWVjZC1hZmU2LTQxYjctODdhNy02ZTdlNGJiZDI5ODkSeXVzLWNlbnRyYWwxLWRvY2tlci5wa2cuZGV2L3Byb2plY3RtYXRlLTQ4NTExMC9nY2YtYXJ0aWZhY3RzL3Byb2plY3RtYXRlLS00ODUxMTBfX3VzLS1jZW50cmFsMV9fcGF5c3RhY2tfd2ViaG9vazp2ZXJzaW9uXzEYrYf0jd8KIktwcm9qZWN0cy9wcm9qZWN0bWF0ZS00ODUxMTAvbG9jYXRpb25zL3VzLWNlbnRyYWwxL2Z1bmN0aW9ucy9wYXlzdGFja1dlYmhvb2sqCwjrnOzOBhCwmOJKMghub2RlanMyMDp2CiNnY3IuaW8vZ2FlLXJ1bnRpbWVzL25vZGVqczIwOnN0YWJsZRJPdXMtY2VudHJhbDEtZG9ja2VyLnBrZy5kZXYvc2VydmVybGVzcy1ydW50aW1lcy9nb29nbGUtMjItZnVsbC9ydW50aW1lcy9ub2RlanMyMEAB","operationType":"UPDATE_FUNCTION","buildName":"projects/369127916461/locations/us-central1/builds/c950eecd-afe6-41b7-87a7-6e7e4bbd2989"},"done":false}
[debug] [2026-04-12T03:16:07.906Z] Got source token Cldwcm9qZWN0cy8zNjkxMjc5MTY0NjEvbG9jYXRpb25zL3VzLWNlbnRyYWwxL2J1aWxkcy9jOTUwZWVjZC1hZmU2LTQxYjctODdhNy02ZTdlNGJiZDI5ODkSeXVzLWNlbnRyYWwxLWRvY2tlci5wa2cuZGV2L3Byb2plY3RtYXRlLTQ4NTExMC9nY2YtYXJ0aWZhY3RzL3Byb2plY3RtYXRlLS00ODUxMTBfX3VzLS1jZW50cmFsMV9fcGF5c3RhY2tfd2ViaG9vazp2ZXJzaW9uXzEYrYf0jd8KIktwcm9qZWN0cy9wcm9qZWN0bWF0ZS00ODUxMTAvbG9jYXRpb25zL3VzLWNlbnRyYWwxL2Z1bmN0aW9ucy9wYXlzdGFja1dlYmhvb2sqCwjrnOzOBhCwmOJKMghub2RlanMyMDp2CiNnY3IuaW8vZ2FlLXJ1bnRpbWVzL25vZGVqczIwOnN0YWJsZRJPdXMtY2VudHJhbDEtZG9ja2VyLnBrZy5kZXYvc2VydmVybGVzcy1ydW50aW1lcy9nb29nbGUtMjItZnVsbC9ydW50aW1lcy9ub2RlanMyMEAB for region us-central1
[debug] [2026-04-12T03:16:07.922Z] <<< [apiv2][status] GET https://cloudfunctions.googleapis.com/v2/projects/projectmate-485110/locations/us-central1/operations/operation-1775963767507-64f3ac97f0beb-12627e36-1428ceaa 200
[debug] [2026-04-12T03:16:07.935Z] <<< [apiv2][body] GET https://cloudfunctions.googleapis.com/v2/projects/projectmate-485110/locations/us-central1/operations/operation-1775963767507-64f3ac97f0beb-12627e36-1428ceaa {"name":"projects/projectmate-485110/locations/us-central1/operations/operation-1775963767507-64f3ac97f0beb-12627e36-1428ceaa","metadata":{"@type":"type.googleapis.com/google.cloud.functions.v2.OperationMetadata","createTime":"2026-04-12T03:16:08.275516392Z","target":"projects/projectmate-485110/locations/us-central1/functions/generateOutline","verb":"update","cancelRequested":false,"apiVersion":"v2","requestResource":{"@type":"type.googleapis.com/google.cloud.functions.v2.Function","name":"projects/projectmate-485110/locations/us-central1/functions/generateOutline","buildConfig":{"runtime":"nodejs20","entryPoint":"generateOutline","source":{"storageSource":{"bucket":"gcf-v2-sources-369127916461-us-central1","object":"generateOutline/function-source.zip","generation":"1775963768215216"}},"environmentVariables":{"GOOGLE_NODE_RUN_SCRIPTS":""},"dockerRepository":"projects/projectmate-485110/locations/us-central1/repositories/gcf-artifacts","sourceProvenance":{"resolvedStorageSource":{"bucket":"gcf-v2-sources-369127916461-us-central1","object":"generateOutline/function-source.zip","generation":"1775948931304712"}},"dockerRegistry":"ARTIFACT_REGISTRY","sourceToken":"Cldwcm9qZWN0cy8zNjkxMjc5MTY0NjEvbG9jYXRpb25zL3VzLWNlbnRyYWwxL2J1aWxkcy9jOTUwZWVjZC1hZmU2LTQxYjctODdhNy02ZTdlNGJiZDI5ODkSeXVzLWNlbnRyYWwxLWRvY2tlci5wa2cuZGV2L3Byb2plY3RtYXRlLTQ4NTExMC9nY2YtYXJ0aWZhY3RzL3Byb2plY3RtYXRlLS00ODUxMTBfX3VzLS1jZW50cmFsMV9fcGF5c3RhY2tfd2ViaG9vazp2ZXJzaW9uXzEYrYf0jd8KIktwcm9qZWN0cy9wcm9qZWN0bWF0ZS00ODUxMTAvbG9jYXRpb25zL3VzLWNlbnRyYWwxL2Z1bmN0aW9ucy9wYXlzdGFja1dlYmhvb2sqCwjrnOzOBhCwmOJKMghub2RlanMyMDp2CiNnY3IuaW8vZ2FlLXJ1bnRpbWVzL25vZGVqczIwOnN0YWJsZRJPdXMtY2VudHJhbDEtZG9ja2VyLnBrZy5kZXYvc2VydmVybGVzcy1ydW50aW1lcy9nb29nbGUtMjItZnVsbC9ydW50aW1lcy9ub2RlanMyMEAB","serviceAccount":"projects/projectmate-485110/serviceAccounts/369127916461-compute@developer.gserviceaccount.com","automaticUpdatePolicy":{}},"serviceConfig":{"service":"projects/projectmate-485110/locations/us-central1/services/generateoutline","timeoutSeconds":60,"environmentVariables":{"FIREBASE_CONFIG":"{\"projectId\":\"projectmate-485110\",\"storageBucket\":\"projectmate-485110.firebasestorage.app\"}","GCLOUD_PROJECT":"projectmate-485110","EVENTARC_CLOUD_EVENT_SOURCE":"projects/projectmate-485110/locations/us-central1/services/generateOutline","FUNCTION_TARGET":"generateOutline","LOG_EXECUTION_ID":"true","FUNCTION_SIGNATURE_TYPE":"http"},"ingressSettings":"ALLOW_ALL","uri":"https://generateoutline-7e24pliqpa-uc.a.run.app","serviceAccountEmail":"369127916461-compute@developer.gserviceaccount.com","availableMemory":"256Mi","allTrafficOnLatestRevision":true,"secretEnvironmentVariables":[{"key":"GEMINI_API_KEY","projectId":"projectmate-485110","secret":"GEMINI_API_KEY","version":"3"}],"revision":"generateoutline-00014-mav","maxInstanceRequestConcurrency":80,"availableCpu":"1"},"state":"ACTIVE","labels":{"deployment-tool":"cloud-console","deployment-callable":"true","firebase-functions-hash":"a09b89b8a4e3da9631cd1eed21295e125b69dba2"},"environment":"GEN_2","url":"https://us-central1-projectmate-485110.cloudfunctions.net/generateOutline","satisfiesPzi":true},"stages":[{"name":"BUILD","message":"Reusing build","state":"COMPLETE","resource":"projects/369127916461/locations/us-central1/builds/c950eecd-afe6-41b7-87a7-6e7e4bbd2989","stateMessages":[{"severity":"WARNING","type":"BuildAnalysisWarning","message":"Node.js 20 is no longer supported by the Node.js community as of 30 April, 2026. Node.js 20 will be deprecated on 2026-04-30. We recommend you to upgrade to the latest version of Node.js as soon as possible."}]},{"name":"SERVICE","state":"NOT_STARTED"}],"sourceToken":"Cldwcm9qZWN0cy8zNjkxMjc5MTY0NjEvbG9jYXRpb25zL3VzLWNlbnRyYWwxL2J1aWxkcy9jOTUwZWVjZC1hZmU2LTQxYjctODdhNy02ZTdlNGJiZDI5ODkSeXVzLWNlbnRyYWwxLWRvY2tlci5wa2cuZGV2L3Byb2plY3RtYXRlLTQ4NTExMC9nY2YtYXJ0aWZhY3RzL3Byb2plY3RtYXRlLS00ODUxMTBfX3VzLS1jZW50cmFsMV9fcGF5c3RhY2tfd2ViaG9vazp2ZXJzaW9uXzEYrYf0jd8KIktwcm9qZWN0cy9wcm9qZWN0bWF0ZS00ODUxMTAvbG9jYXRpb25zL3VzLWNlbnRyYWwxL2Z1bmN0aW9ucy9wYXlzdGFja1dlYmhvb2sqCwjrnOzOBhCwmOJKMghub2RlanMyMDp2CiNnY3IuaW8vZ2FlLXJ1bnRpbWVzL25vZGVqczIwOnN0YWJsZRJPdXMtY2VudHJhbDEtZG9ja2VyLnBrZy5kZXYvc2VydmVybGVzcy1ydW50aW1lcy9nb29nbGUtMjItZnVsbC9ydW50aW1lcy9ub2RlanMyMEAB","operationType":"UPDATE_FUNCTION","buildName":"projects/369127916461/locations/us-central1/builds/c950eecd-afe6-41b7-87a7-6e7e4bbd2989"},"done":false}
[debug] [2026-04-12T03:16:07.938Z] Got source token Cldwcm9qZWN0cy8zNjkxMjc5MTY0NjEvbG9jYXRpb25zL3VzLWNlbnRyYWwxL2J1aWxkcy9jOTUwZWVjZC1hZmU2LTQxYjctODdhNy02ZTdlNGJiZDI5ODkSeXVzLWNlbnRyYWwxLWRvY2tlci5wa2cuZGV2L3Byb2plY3RtYXRlLTQ4NTExMC9nY2YtYXJ0aWZhY3RzL3Byb2plY3RtYXRlLS00ODUxMTBfX3VzLS1jZW50cmFsMV9fcGF5c3RhY2tfd2ViaG9vazp2ZXJzaW9uXzEYrYf0jd8KIktwcm9qZWN0cy9wcm9qZWN0bWF0ZS00ODUxMTAvbG9jYXRpb25zL3VzLWNlbnRyYWwxL2Z1bmN0aW9ucy9wYXlzdGFja1dlYmhvb2sqCwjrnOzOBhCwmOJKMghub2RlanMyMDp2CiNnY3IuaW8vZ2FlLXJ1bnRpbWVzL25vZGVqczIwOnN0YWJsZRJPdXMtY2VudHJhbDEtZG9ja2VyLnBrZy5kZXYvc2VydmVybGVzcy1ydW50aW1lcy9nb29nbGUtMjItZnVsbC9ydW50aW1lcy9ub2RlanMyMEAB for region us-central1
[debug] [2026-04-12T03:16:08.209Z] [update-default-us-central1-elaborateStream] Retrying task index 0
[debug] [2026-04-12T03:16:08.217Z] Checked if tokens are valid: true, expires at: 1775966200663
[debug] [2026-04-12T03:16:08.219Z] Checked if tokens are valid: true, expires at: 1775966200663
[debug] [2026-04-12T03:16:08.221Z] >>> [apiv2][query] GET https://cloudfunctions.googleapis.com/v2/projects/projectmate-485110/locations/us-central1/operations/operation-1775963767311-64f3ac97c0e05-c91a5066-6fc597ca [none]
[debug] [2026-04-12T03:16:08.235Z] [update-default-us-central1-generateTopics] Retrying task index 0
[debug] [2026-04-12T03:16:08.238Z] Checked if tokens are valid: true, expires at: 1775966200663
[debug] [2026-04-12T03:16:08.269Z] Checked if tokens are valid: true, expires at: 1775966200663
[debug] [2026-04-12T03:16:08.270Z] >>> [apiv2][query] GET https://cloudfunctions.googleapis.com/v2/projects/projectmate-485110/locations/us-central1/operations/operation-1775963766654-64f3ac9720725-e8468a7c-ec77a1b3 [none]
[debug] [2026-04-12T03:16:08.370Z] [update-default-us-central1-generateSectionStream] Retrying task index 0
[debug] [2026-04-12T03:16:08.753Z] Checked if tokens are valid: true, expires at: 1775966200663
[debug] [2026-04-12T03:16:08.770Z] Checked if tokens are valid: true, expires at: 1775966200663
[debug] [2026-04-12T03:16:08.801Z] >>> [apiv2][query] GET https://cloudfunctions.googleapis.com/v2/projects/projectmate-485110/locations/us-central1/operations/operation-1775963767341-64f3ac97c8135-6049935c-031a0217 [none]
[debug] [2026-04-12T03:16:09.135Z] [update-default-us-central1-generateChapterStream] Retrying task index 0
[debug] [2026-04-12T03:16:09.280Z] Checked if tokens are valid: true, expires at: 1775966200663
[debug] [2026-04-12T03:16:09.281Z] Checked if tokens are valid: true, expires at: 1775966200663
[debug] [2026-04-12T03:16:09.282Z] >>> [apiv2][query] GET https://cloudfunctions.googleapis.com/v2/projects/projectmate-485110/locations/us-central1/operations/operation-1775963767535-64f3ac97f767a-41e13fbc-668fb6cf [none]
[debug] [2026-04-12T03:16:09.284Z] [update-default-us-central1-generateOutline] Retrying task index 0
[debug] [2026-04-12T03:16:09.286Z] Checked if tokens are valid: true, expires at: 1775966200663
[debug] [2026-04-12T03:16:09.286Z] Checked if tokens are valid: true, expires at: 1775966200663
[debug] [2026-04-12T03:16:09.287Z] >>> [apiv2][query] GET https://cloudfunctions.googleapis.com/v2/projects/projectmate-485110/locations/us-central1/operations/operation-1775963767507-64f3ac97f0beb-12627e36-1428ceaa [none]
[debug] [2026-04-12T03:16:09.292Z] <<< [apiv2][status] GET https://cloudfunctions.googleapis.com/v2/projects/projectmate-485110/locations/us-central1/operations/operation-1775963767311-64f3ac97c0e05-c91a5066-6fc597ca 200
[debug] [2026-04-12T03:16:09.303Z] <<< [apiv2][body] GET https://cloudfunctions.googleapis.com/v2/projects/projectmate-485110/locations/us-central1/operations/operation-1775963767311-64f3ac97c0e05-c91a5066-6fc597ca {"name":"projects/projectmate-485110/locations/us-central1/operations/operation-1775963767311-64f3ac97c0e05-c91a5066-6fc597ca","metadata":{"@type":"type.googleapis.com/google.cloud.functions.v2.OperationMetadata","createTime":"2026-04-12T03:16:08.197422641Z","target":"projects/projectmate-485110/locations/us-central1/functions/elaborateStream","verb":"update","cancelRequested":false,"apiVersion":"v2","requestResource":{"@type":"type.googleapis.com/google.cloud.functions.v2.Function","name":"projects/projectmate-485110/locations/us-central1/functions/elaborateStream","buildConfig":{"runtime":"nodejs20","entryPoint":"elaborateStream","source":{"storageSource":{"bucket":"gcf-v2-sources-369127916461-us-central1","object":"elaborateStream/function-source.zip","generation":"1775963768156238"}},"environmentVariables":{"GOOGLE_NODE_RUN_SCRIPTS":""},"dockerRepository":"projects/projectmate-485110/locations/us-central1/repositories/gcf-artifacts","sourceProvenance":{"resolvedStorageSource":{"bucket":"gcf-v2-sources-369127916461-us-central1","object":"elaborateStream/function-source.zip","generation":"1775948931386201"}},"dockerRegistry":"ARTIFACT_REGISTRY","sourceToken":"Cldwcm9qZWN0cy8zNjkxMjc5MTY0NjEvbG9jYXRpb25zL3VzLWNlbnRyYWwxL2J1aWxkcy9jOTUwZWVjZC1hZmU2LTQxYjctODdhNy02ZTdlNGJiZDI5ODkSeXVzLWNlbnRyYWwxLWRvY2tlci5wa2cuZGV2L3Byb2plY3RtYXRlLTQ4NTExMC9nY2YtYXJ0aWZhY3RzL3Byb2plY3RtYXRlLS00ODUxMTBfX3VzLS1jZW50cmFsMV9fcGF5c3RhY2tfd2ViaG9vazp2ZXJzaW9uXzEYrYf0jd8KIktwcm9qZWN0cy9wcm9qZWN0bWF0ZS00ODUxMTAvbG9jYXRpb25zL3VzLWNlbnRyYWwxL2Z1bmN0aW9ucy9wYXlzdGFja1dlYmhvb2sqCwjrnOzOBhCwmOJKMghub2RlanMyMDp2CiNnY3IuaW8vZ2FlLXJ1bnRpbWVzL25vZGVqczIwOnN0YWJsZRJPdXMtY2VudHJhbDEtZG9ja2VyLnBrZy5kZXYvc2VydmVybGVzcy1ydW50aW1lcy9nb29nbGUtMjItZnVsbC9ydW50aW1lcy9ub2RlanMyMEAB","serviceAccount":"projects/projectmate-485110/serviceAccounts/369127916461-compute@developer.gserviceaccount.com","automaticUpdatePolicy":{}},"serviceConfig":{"service":"projects/projectmate-485110/locations/us-central1/services/elaboratestream","timeoutSeconds":60,"environmentVariables":{"FIREBASE_CONFIG":"{\"projectId\":\"projectmate-485110\",\"storageBucket\":\"projectmate-485110.firebasestorage.app\"}","GCLOUD_PROJECT":"projectmate-485110","EVENTARC_CLOUD_EVENT_SOURCE":"projects/projectmate-485110/locations/us-central1/services/elaborateStream","FUNCTION_TARGET":"elaborateStream","LOG_EXECUTION_ID":"true","FUNCTION_SIGNATURE_TYPE":"http"},"ingressSettings":"ALLOW_ALL","uri":"https://elaboratestream-7e24pliqpa-uc.a.run.app","serviceAccountEmail":"369127916461-compute@developer.gserviceaccount.com","availableMemory":"256Mi","allTrafficOnLatestRevision":true,"secretEnvironmentVariables":[{"key":"GEMINI_API_KEY","projectId":"projectmate-485110","secret":"GEMINI_API_KEY","version":"3"}],"revision":"elaboratestream-00012-mox","maxInstanceRequestConcurrency":80,"availableCpu":"1"},"state":"ACTIVE","labels":{"deployment-tool":"cli-firebase","firebase-functions-hash":"a09b89b8a4e3da9631cd1eed21295e125b69dba2"},"environment":"GEN_2","url":"https://us-central1-projectmate-485110.cloudfunctions.net/elaborateStream","satisfiesPzi":true},"stages":[{"name":"BUILD","message":"Reusing build","state":"COMPLETE","resource":"projects/369127916461/locations/us-central1/builds/c950eecd-afe6-41b7-87a7-6e7e4bbd2989","stateMessages":[{"severity":"WARNING","type":"BuildAnalysisWarning","message":"Node.js 20 is no longer supported by the Node.js community as of 30 April, 2026. Node.js 20 will be deprecated on 2026-04-30. We recommend you to upgrade to the latest version of Node.js as soon as possible."}]},{"name":"SERVICE","message":"Updating Cloud Run service","state":"IN_PROGRESS","resource":"projects/projectmate-485110/locations/us-central1/services/elaboratestream","resourceUri":"https://console.cloud.google.com/run/detail/us-central1/elaboratestream?project=projectmate-485110","stateMessages":[{"severity":"INFO","type":"CloudRunServiceNewRevisionTrafficInfo","message":"A new revision will be deployed serving with 100% traffic."}]}],"sourceToken":"Cldwcm9qZWN0cy8zNjkxMjc5MTY0NjEvbG9jYXRpb25zL3VzLWNlbnRyYWwxL2J1aWxkcy9jOTUwZWVjZC1hZmU2LTQxYjctODdhNy02ZTdlNGJiZDI5ODkSeXVzLWNlbnRyYWwxLWRvY2tlci5wa2cuZGV2L3Byb2plY3RtYXRlLTQ4NTExMC9nY2YtYXJ0aWZhY3RzL3Byb2plY3RtYXRlLS00ODUxMTBfX3VzLS1jZW50cmFsMV9fcGF5c3RhY2tfd2ViaG9vazp2ZXJzaW9uXzEYrYf0jd8KIktwcm9qZWN0cy9wcm9qZWN0bWF0ZS00ODUxMTAvbG9jYXRpb25zL3VzLWNlbnRyYWwxL2Z1bmN0aW9ucy9wYXlzdGFja1dlYmhvb2sqCwjrnOzOBhCwmOJKMghub2RlanMyMDp2CiNnY3IuaW8vZ2FlLXJ1bnRpbWVzL25vZGVqczIwOnN0YWJsZRJPdXMtY2VudHJhbDEtZG9ja2VyLnBrZy5kZXYvc2VydmVybGVzcy1ydW50aW1lcy9nb29nbGUtMjItZnVsbC9ydW50aW1lcy9ub2RlanMyMEAB","operationType":"UPDATE_FUNCTION","buildName":"projects/369127916461/locations/us-central1/builds/c950eecd-afe6-41b7-87a7-6e7e4bbd2989"},"done":false}
[debug] [2026-04-12T03:16:09.372Z] Got source token Cldwcm9qZWN0cy8zNjkxMjc5MTY0NjEvbG9jYXRpb25zL3VzLWNlbnRyYWwxL2J1aWxkcy9jOTUwZWVjZC1hZmU2LTQxYjctODdhNy02ZTdlNGJiZDI5ODkSeXVzLWNlbnRyYWwxLWRvY2tlci5wa2cuZGV2L3Byb2plY3RtYXRlLTQ4NTExMC9nY2YtYXJ0aWZhY3RzL3Byb2plY3RtYXRlLS00ODUxMTBfX3VzLS1jZW50cmFsMV9fcGF5c3RhY2tfd2ViaG9vazp2ZXJzaW9uXzEYrYf0jd8KIktwcm9qZWN0cy9wcm9qZWN0bWF0ZS00ODUxMTAvbG9jYXRpb25zL3VzLWNlbnRyYWwxL2Z1bmN0aW9ucy9wYXlzdGFja1dlYmhvb2sqCwjrnOzOBhCwmOJKMghub2RlanMyMDp2CiNnY3IuaW8vZ2FlLXJ1bnRpbWVzL25vZGVqczIwOnN0YWJsZRJPdXMtY2VudHJhbDEtZG9ja2VyLnBrZy5kZXYvc2VydmVybGVzcy1ydW50aW1lcy9nb29nbGUtMjItZnVsbC9ydW50aW1lcy9ub2RlanMyMEAB for region us-central1
[debug] [2026-04-12T03:16:09.406Z] <<< [apiv2][status] GET https://cloudfunctions.googleapis.com/v2/projects/projectmate-485110/locations/us-central1/operations/operation-1775963766654-64f3ac9720725-e8468a7c-ec77a1b3 200
[debug] [2026-04-12T03:16:09.409Z] <<< [apiv2][body] GET https://cloudfunctions.googleapis.com/v2/projects/projectmate-485110/locations/us-central1/operations/operation-1775963766654-64f3ac9720725-e8468a7c-ec77a1b3 {"name":"projects/projectmate-485110/locations/us-central1/operations/operation-1775963766654-64f3ac9720725-e8468a7c-ec77a1b3","metadata":{"@type":"type.googleapis.com/google.cloud.functions.v2.OperationMetadata","createTime":"2026-04-12T03:16:07.551853971Z","target":"projects/projectmate-485110/locations/us-central1/functions/generateTopics","verb":"update","cancelRequested":false,"apiVersion":"v2","requestResource":{"@type":"type.googleapis.com/google.cloud.functions.v2.Function","name":"projects/projectmate-485110/locations/us-central1/functions/generateTopics","buildConfig":{"runtime":"nodejs20","entryPoint":"generateTopics","source":{"storageSource":{"bucket":"gcf-v2-sources-369127916461-us-central1","object":"generateTopics/function-source.zip","generation":"1775963767489420"}},"environmentVariables":{"GOOGLE_NODE_RUN_SCRIPTS":""},"dockerRepository":"projects/projectmate-485110/locations/us-central1/repositories/gcf-artifacts","sourceProvenance":{"resolvedStorageSource":{"bucket":"gcf-v2-sources-369127916461-us-central1","object":"generateTopics/function-source.zip","generation":"1775948931032963"}},"dockerRegistry":"ARTIFACT_REGISTRY","sourceToken":"Cldwcm9qZWN0cy8zNjkxMjc5MTY0NjEvbG9jYXRpb25zL3VzLWNlbnRyYWwxL2J1aWxkcy9jOTUwZWVjZC1hZmU2LTQxYjctODdhNy02ZTdlNGJiZDI5ODkSeXVzLWNlbnRyYWwxLWRvY2tlci5wa2cuZGV2L3Byb2plY3RtYXRlLTQ4NTExMC9nY2YtYXJ0aWZhY3RzL3Byb2plY3RtYXRlLS00ODUxMTBfX3VzLS1jZW50cmFsMV9fcGF5c3RhY2tfd2ViaG9vazp2ZXJzaW9uXzEYrYf0jd8KIktwcm9qZWN0cy9wcm9qZWN0bWF0ZS00ODUxMTAvbG9jYXRpb25zL3VzLWNlbnRyYWwxL2Z1bmN0aW9ucy9wYXlzdGFja1dlYmhvb2sqCwjrnOzOBhCwmOJKMghub2RlanMyMDp2CiNnY3IuaW8vZ2FlLXJ1bnRpbWVzL25vZGVqczIwOnN0YWJsZRJPdXMtY2VudHJhbDEtZG9ja2VyLnBrZy5kZXYvc2VydmVybGVzcy1ydW50aW1lcy9nb29nbGUtMjItZnVsbC9ydW50aW1lcy9ub2RlanMyMEAB","serviceAccount":"projects/projectmate-485110/serviceAccounts/369127916461-compute@developer.gserviceaccount.com","automaticUpdatePolicy":{}},"serviceConfig":{"service":"projects/projectmate-485110/locations/us-central1/services/generatetopics","timeoutSeconds":60,"environmentVariables":{"FIREBASE_CONFIG":"{\"projectId\":\"projectmate-485110\",\"storageBucket\":\"projectmate-485110.firebasestorage.app\"}","GCLOUD_PROJECT":"projectmate-485110","EVENTARC_CLOUD_EVENT_SOURCE":"projects/projectmate-485110/locations/us-central1/services/generateTopics","FUNCTION_TARGET":"generateTopics","LOG_EXECUTION_ID":"true","FUNCTION_SIGNATURE_TYPE":"http"},"ingressSettings":"ALLOW_ALL","uri":"https://generatetopics-7e24pliqpa-uc.a.run.app","serviceAccountEmail":"369127916461-compute@developer.gserviceaccount.com","availableMemory":"256Mi","allTrafficOnLatestRevision":true,"secretEnvironmentVariables":[{"key":"GEMINI_API_KEY","projectId":"projectmate-485110","secret":"GEMINI_API_KEY","version":"3"}],"revision":"generatetopics-00014-res","maxInstanceRequestConcurrency":80,"availableCpu":"1"},"state":"ACTIVE","labels":{"deployment-tool":"cloud-console","deployment-callable":"true","firebase-functions-hash":"a09b89b8a4e3da9631cd1eed21295e125b69dba2"},"environment":"GEN_2","url":"https://us-central1-projectmate-485110.cloudfunctions.net/generateTopics","satisfiesPzi":true},"stages":[{"name":"BUILD","message":"Reusing build","state":"COMPLETE","resource":"projects/369127916461/locations/us-central1/builds/c950eecd-afe6-41b7-87a7-6e7e4bbd2989","stateMessages":[{"severity":"WARNING","type":"BuildAnalysisWarning","message":"Node.js 20 is no longer supported by the Node.js community as of 30 April, 2026. Node.js 20 will be deprecated on 2026-04-30. We recommend you to upgrade to the latest version of Node.js as soon as possible."}]},{"name":"SERVICE","message":"Updating Cloud Run service","state":"IN_PROGRESS","resource":"projects/projectmate-485110/locations/us-central1/services/generatetopics","resourceUri":"https://console.cloud.google.com/run/detail/us-central1/generatetopics?project=projectmate-485110","stateMessages":[{"severity":"INFO","type":"CloudRunServiceNewRevisionTrafficInfo","message":"A new revision will be deployed serving with 100% traffic."}]}],"sourceToken":"Cldwcm9qZWN0cy8zNjkxMjc5MTY0NjEvbG9jYXRpb25zL3VzLWNlbnRyYWwxL2J1aWxkcy9jOTUwZWVjZC1hZmU2LTQxYjctODdhNy02ZTdlNGJiZDI5ODkSeXVzLWNlbnRyYWwxLWRvY2tlci5wa2cuZGV2L3Byb2plY3RtYXRlLTQ4NTExMC9nY2YtYXJ0aWZhY3RzL3Byb2plY3RtYXRlLS00ODUxMTBfX3VzLS1jZW50cmFsMV9fcGF5c3RhY2tfd2ViaG9vazp2ZXJzaW9uXzEYrYf0jd8KIktwcm9qZWN0cy9wcm9qZWN0bWF0ZS00ODUxMTAvbG9jYXRpb25zL3VzLWNlbnRyYWwxL2Z1bmN0aW9ucy9wYXlzdGFja1dlYmhvb2sqCwjrnOzOBhCwmOJKMghub2RlanMyMDp2CiNnY3IuaW8vZ2FlLXJ1bnRpbWVzL25vZGVqczIwOnN0YWJsZRJPdXMtY2VudHJhbDEtZG9ja2VyLnBrZy5kZXYvc2VydmVybGVzcy1ydW50aW1lcy9nb29nbGUtMjItZnVsbC9ydW50aW1lcy9ub2RlanMyMEAB","operationType":"UPDATE_FUNCTION","buildName":"projects/369127916461/locations/us-central1/builds/c950eecd-afe6-41b7-87a7-6e7e4bbd2989"},"done":false}
[debug] [2026-04-12T03:16:09.422Z] Got source token Cldwcm9qZWN0cy8zNjkxMjc5MTY0NjEvbG9jYXRpb25zL3VzLWNlbnRyYWwxL2J1aWxkcy9jOTUwZWVjZC1hZmU2LTQxYjctODdhNy02ZTdlNGJiZDI5ODkSeXVzLWNlbnRyYWwxLWRvY2tlci5wa2cuZGV2L3Byb2plY3RtYXRlLTQ4NTExMC9nY2YtYXJ0aWZhY3RzL3Byb2plY3RtYXRlLS00ODUxMTBfX3VzLS1jZW50cmFsMV9fcGF5c3RhY2tfd2ViaG9vazp2ZXJzaW9uXzEYrYf0jd8KIktwcm9qZWN0cy9wcm9qZWN0bWF0ZS00ODUxMTAvbG9jYXRpb25zL3VzLWNlbnRyYWwxL2Z1bmN0aW9ucy9wYXlzdGFja1dlYmhvb2sqCwjrnOzOBhCwmOJKMghub2RlanMyMDp2CiNnY3IuaW8vZ2FlLXJ1bnRpbWVzL25vZGVqczIwOnN0YWJsZRJPdXMtY2VudHJhbDEtZG9ja2VyLnBrZy5kZXYvc2VydmVybGVzcy1ydW50aW1lcy9nb29nbGUtMjItZnVsbC9ydW50aW1lcy9ub2RlanMyMEAB for region us-central1
[debug] [2026-04-12T03:16:09.472Z] <<< [apiv2][status] GET https://cloudfunctions.googleapis.com/v2/projects/projectmate-485110/locations/us-central1/operations/operation-1775963767341-64f3ac97c8135-6049935c-031a0217 200
[debug] [2026-04-12T03:16:09.476Z] <<< [apiv2][body] GET https://cloudfunctions.googleapis.com/v2/projects/projectmate-485110/locations/us-central1/operations/operation-1775963767341-64f3ac97c8135-6049935c-031a0217 {"name":"projects/projectmate-485110/locations/us-central1/operations/operation-1775963767341-64f3ac97c8135-6049935c-031a0217","metadata":{"@type":"type.googleapis.com/google.cloud.functions.v2.OperationMetadata","createTime":"2026-04-12T03:16:08.117410843Z","target":"projects/projectmate-485110/locations/us-central1/functions/generateSectionStream","verb":"update","cancelRequested":false,"apiVersion":"v2","requestResource":{"@type":"type.googleapis.com/google.cloud.functions.v2.Function","name":"projects/projectmate-485110/locations/us-central1/functions/generateSectionStream","buildConfig":{"runtime":"nodejs20","entryPoint":"generateSectionStream","source":{"storageSource":{"bucket":"gcf-v2-sources-369127916461-us-central1","object":"generateSectionStream/function-source.zip","generation":"1775963768070176"}},"environmentVariables":{"GOOGLE_NODE_RUN_SCRIPTS":""},"dockerRepository":"projects/projectmate-485110/locations/us-central1/repositories/gcf-artifacts","sourceProvenance":{"resolvedStorageSource":{"bucket":"gcf-v2-sources-369127916461-us-central1","object":"generateSectionStream/function-source.zip","generation":"1775948931237070"}},"dockerRegistry":"ARTIFACT_REGISTRY","sourceToken":"Cldwcm9qZWN0cy8zNjkxMjc5MTY0NjEvbG9jYXRpb25zL3VzLWNlbnRyYWwxL2J1aWxkcy9jOTUwZWVjZC1hZmU2LTQxYjctODdhNy02ZTdlNGJiZDI5ODkSeXVzLWNlbnRyYWwxLWRvY2tlci5wa2cuZGV2L3Byb2plY3RtYXRlLTQ4NTExMC9nY2YtYXJ0aWZhY3RzL3Byb2plY3RtYXRlLS00ODUxMTBfX3VzLS1jZW50cmFsMV9fcGF5c3RhY2tfd2ViaG9vazp2ZXJzaW9uXzEYrYf0jd8KIktwcm9qZWN0cy9wcm9qZWN0bWF0ZS00ODUxMTAvbG9jYXRpb25zL3VzLWNlbnRyYWwxL2Z1bmN0aW9ucy9wYXlzdGFja1dlYmhvb2sqCwjrnOzOBhCwmOJKMghub2RlanMyMDp2CiNnY3IuaW8vZ2FlLXJ1bnRpbWVzL25vZGVqczIwOnN0YWJsZRJPdXMtY2VudHJhbDEtZG9ja2VyLnBrZy5kZXYvc2VydmVybGVzcy1ydW50aW1lcy9nb29nbGUtMjItZnVsbC9ydW50aW1lcy9ub2RlanMyMEAB","serviceAccount":"projects/projectmate-485110/serviceAccounts/369127916461-compute@developer.gserviceaccount.com","automaticUpdatePolicy":{}},"serviceConfig":{"service":"projects/projectmate-485110/locations/us-central1/services/generatesectionstream","timeoutSeconds":60,"environmentVariables":{"FIREBASE_CONFIG":"{\"projectId\":\"projectmate-485110\",\"storageBucket\":\"projectmate-485110.firebasestorage.app\"}","GCLOUD_PROJECT":"projectmate-485110","EVENTARC_CLOUD_EVENT_SOURCE":"projects/projectmate-485110/locations/us-central1/services/generateSectionStream","FUNCTION_TARGET":"generateSectionStream","LOG_EXECUTION_ID":"true","FUNCTION_SIGNATURE_TYPE":"http"},"ingressSettings":"ALLOW_ALL","uri":"https://generatesectionstream-7e24pliqpa-uc.a.run.app","serviceAccountEmail":"369127916461-compute@developer.gserviceaccount.com","availableMemory":"256Mi","allTrafficOnLatestRevision":true,"secretEnvironmentVariables":[{"key":"GEMINI_API_KEY","projectId":"projectmate-485110","secret":"GEMINI_API_KEY","version":"3"}],"revision":"generatesectionstream-00012-zox","maxInstanceRequestConcurrency":80,"availableCpu":"1"},"state":"ACTIVE","labels":{"deployment-tool":"cli-firebase","firebase-functions-hash":"a09b89b8a4e3da9631cd1eed21295e125b69dba2"},"environment":"GEN_2","url":"https://us-central1-projectmate-485110.cloudfunctions.net/generateSectionStream","satisfiesPzi":true},"stages":[{"name":"BUILD","message":"Reusing build","state":"COMPLETE","resource":"projects/369127916461/locations/us-central1/builds/c950eecd-afe6-41b7-87a7-6e7e4bbd2989","stateMessages":[{"severity":"WARNING","type":"BuildAnalysisWarning","message":"Node.js 20 is no longer supported by the Node.js community as of 30 April, 2026. Node.js 20 will be deprecated on 2026-04-30. We recommend you to upgrade to the latest version of Node.js as soon as possible."}]},{"name":"SERVICE","message":"Updating Cloud Run service","state":"IN_PROGRESS","resource":"projects/projectmate-485110/locations/us-central1/services/generatesectionstream","resourceUri":"https://console.cloud.google.com/run/detail/us-central1/generatesectionstream?project=projectmate-485110","stateMessages":[{"severity":"INFO","type":"CloudRunServiceNewRevisionTrafficInfo","message":"A new revision will be deployed serving with 100% traffic."}]}],"sourceToken":"Cldwcm9qZWN0cy8zNjkxMjc5MTY0NjEvbG9jYXRpb25zL3VzLWNlbnRyYWwxL2J1aWxkcy9jOTUwZWVjZC1hZmU2LTQxYjctODdhNy02ZTdlNGJiZDI5ODkSeXVzLWNlbnRyYWwxLWRvY2tlci5wa2cuZGV2L3Byb2plY3RtYXRlLTQ4NTExMC9nY2YtYXJ0aWZhY3RzL3Byb2plY3RtYXRlLS00ODUxMTBfX3VzLS1jZW50cmFsMV9fcGF5c3RhY2tfd2ViaG9vazp2ZXJzaW9uXzEYrYf0jd8KIktwcm9qZWN0cy9wcm9qZWN0bWF0ZS00ODUxMTAvbG9jYXRpb25zL3VzLWNlbnRyYWwxL2Z1bmN0aW9ucy9wYXlzdGFja1dlYmhvb2sqCwjrnOzOBhCwmOJKMghub2RlanMyMDp2CiNnY3IuaW8vZ2FlLXJ1bnRpbWVzL25vZGVqczIwOnN0YWJsZRJPdXMtY2VudHJhbDEtZG9ja2VyLnBrZy5kZXYvc2VydmVybGVzcy1ydW50aW1lcy9nb29nbGUtMjItZnVsbC9ydW50aW1lcy9ub2RlanMyMEAB","operationType":"UPDATE_FUNCTION","buildName":"projects/369127916461/locations/us-central1/builds/c950eecd-afe6-41b7-87a7-6e7e4bbd2989"},"done":false}
[debug] [2026-04-12T03:16:09.504Z] Got source token Cldwcm9qZWN0cy8zNjkxMjc5MTY0NjEvbG9jYXRpb25zL3VzLWNlbnRyYWwxL2J1aWxkcy9jOTUwZWVjZC1hZmU2LTQxYjctODdhNy02ZTdlNGJiZDI5ODkSeXVzLWNlbnRyYWwxLWRvY2tlci5wa2cuZGV2L3Byb2plY3RtYXRlLTQ4NTExMC9nY2YtYXJ0aWZhY3RzL3Byb2plY3RtYXRlLS00ODUxMTBfX3VzLS1jZW50cmFsMV9fcGF5c3RhY2tfd2ViaG9vazp2ZXJzaW9uXzEYrYf0jd8KIktwcm9qZWN0cy9wcm9qZWN0bWF0ZS00ODUxMTAvbG9jYXRpb25zL3VzLWNlbnRyYWwxL2Z1bmN0aW9ucy9wYXlzdGFja1dlYmhvb2sqCwjrnOzOBhCwmOJKMghub2RlanMyMDp2CiNnY3IuaW8vZ2FlLXJ1bnRpbWVzL25vZGVqczIwOnN0YWJsZRJPdXMtY2VudHJhbDEtZG9ja2VyLnBrZy5kZXYvc2VydmVybGVzcy1ydW50aW1lcy9nb29nbGUtMjItZnVsbC9ydW50aW1lcy9ub2RlanMyMEAB for region us-central1
[debug] [2026-04-12T03:16:09.582Z] <<< [apiv2][status] GET https://cloudfunctions.googleapis.com/v2/projects/projectmate-485110/locations/us-central1/operations/operation-1775963767535-64f3ac97f767a-41e13fbc-668fb6cf 200
[debug] [2026-04-12T03:16:09.668Z] <<< [apiv2][body] GET https://cloudfunctions.googleapis.com/v2/projects/projectmate-485110/locations/us-central1/operations/operation-1775963767535-64f3ac97f767a-41e13fbc-668fb6cf {"name":"projects/projectmate-485110/locations/us-central1/operations/operation-1775963767535-64f3ac97f767a-41e13fbc-668fb6cf","metadata":{"@type":"type.googleapis.com/google.cloud.functions.v2.OperationMetadata","createTime":"2026-04-12T03:16:08.349931342Z","target":"projects/projectmate-485110/locations/us-central1/functions/generateChapterStream","verb":"update","cancelRequested":false,"apiVersion":"v2","requestResource":{"@type":"type.googleapis.com/google.cloud.functions.v2.Function","name":"projects/projectmate-485110/locations/us-central1/functions/generateChapterStream","buildConfig":{"runtime":"nodejs20","entryPoint":"generateChapterStream","source":{"storageSource":{"bucket":"gcf-v2-sources-369127916461-us-central1","object":"generateChapterStream/function-source.zip","generation":"1775963768302524"}},"environmentVariables":{"GOOGLE_NODE_RUN_SCRIPTS":""},"dockerRepository":"projects/projectmate-485110/locations/us-central1/repositories/gcf-artifacts","sourceProvenance":{"resolvedStorageSource":{"bucket":"gcf-v2-sources-369127916461-us-central1","object":"generateChapterStream/function-source.zip","generation":"1775948931245841"}},"dockerRegistry":"ARTIFACT_REGISTRY","sourceToken":"Cldwcm9qZWN0cy8zNjkxMjc5MTY0NjEvbG9jYXRpb25zL3VzLWNlbnRyYWwxL2J1aWxkcy9jOTUwZWVjZC1hZmU2LTQxYjctODdhNy02ZTdlNGJiZDI5ODkSeXVzLWNlbnRyYWwxLWRvY2tlci5wa2cuZGV2L3Byb2plY3RtYXRlLTQ4NTExMC9nY2YtYXJ0aWZhY3RzL3Byb2plY3RtYXRlLS00ODUxMTBfX3VzLS1jZW50cmFsMV9fcGF5c3RhY2tfd2ViaG9vazp2ZXJzaW9uXzEYrYf0jd8KIktwcm9qZWN0cy9wcm9qZWN0bWF0ZS00ODUxMTAvbG9jYXRpb25zL3VzLWNlbnRyYWwxL2Z1bmN0aW9ucy9wYXlzdGFja1dlYmhvb2sqCwjrnOzOBhCwmOJKMghub2RlanMyMDp2CiNnY3IuaW8vZ2FlLXJ1bnRpbWVzL25vZGVqczIwOnN0YWJsZRJPdXMtY2VudHJhbDEtZG9ja2VyLnBrZy5kZXYvc2VydmVybGVzcy1ydW50aW1lcy9nb29nbGUtMjItZnVsbC9ydW50aW1lcy9ub2RlanMyMEAB","serviceAccount":"projects/projectmate-485110/serviceAccounts/369127916461-compute@developer.gserviceaccount.com","automaticUpdatePolicy":{}},"serviceConfig":{"service":"projects/projectmate-485110/locations/us-central1/services/generatechapterstream","timeoutSeconds":60,"environmentVariables":{"FIREBASE_CONFIG":"{\"projectId\":\"projectmate-485110\",\"storageBucket\":\"projectmate-485110.firebasestorage.app\"}","GCLOUD_PROJECT":"projectmate-485110","EVENTARC_CLOUD_EVENT_SOURCE":"projects/projectmate-485110/locations/us-central1/services/generateChapterStream","FUNCTION_TARGET":"generateChapterStream","LOG_EXECUTION_ID":"true","FUNCTION_SIGNATURE_TYPE":"http"},"ingressSettings":"ALLOW_ALL","uri":"https://generatechapterstream-7e24pliqpa-uc.a.run.app","serviceAccountEmail":"369127916461-compute@developer.gserviceaccount.com","availableMemory":"256Mi","allTrafficOnLatestRevision":true,"secretEnvironmentVariables":[{"key":"GEMINI_API_KEY","projectId":"projectmate-485110","secret":"GEMINI_API_KEY","version":"3"}],"revision":"generatechapterstream-00013-qav","maxInstanceRequestConcurrency":80,"availableCpu":"1"},"state":"ACTIVE","labels":{"deployment-tool":"cli-firebase","firebase-functions-hash":"a09b89b8a4e3da9631cd1eed21295e125b69dba2"},"environment":"GEN_2","url":"https://us-central1-projectmate-485110.cloudfunctions.net/generateChapterStream","satisfiesPzi":true},"stages":[{"name":"BUILD","message":"Reusing build","state":"COMPLETE","resource":"projects/369127916461/locations/us-central1/builds/c950eecd-afe6-41b7-87a7-6e7e4bbd2989","stateMessages":[{"severity":"WARNING","type":"BuildAnalysisWarning","message":"Node.js 20 is no longer supported by the Node.js community as of 30 April, 2026. Node.js 20 will be deprecated on 2026-04-30. We recommend you to upgrade to the latest version of Node.js as soon as possible."}]},{"name":"SERVICE","message":"Updating Cloud Run service","state":"IN_PROGRESS","resource":"projects/projectmate-485110/locations/us-central1/services/generatechapterstream","resourceUri":"https://console.cloud.google.com/run/detail/us-central1/generatechapterstream?project=projectmate-485110","stateMessages":[{"severity":"INFO","type":"CloudRunServiceNewRevisionTrafficInfo","message":"A new revision will be deployed serving with 100% traffic."}]}],"sourceToken":"Cldwcm9qZWN0cy8zNjkxMjc5MTY0NjEvbG9jYXRpb25zL3VzLWNlbnRyYWwxL2J1aWxkcy9jOTUwZWVjZC1hZmU2LTQxYjctODdhNy02ZTdlNGJiZDI5ODkSeXVzLWNlbnRyYWwxLWRvY2tlci5wa2cuZGV2L3Byb2plY3RtYXRlLTQ4NTExMC9nY2YtYXJ0aWZhY3RzL3Byb2plY3RtYXRlLS00ODUxMTBfX3VzLS1jZW50cmFsMV9fcGF5c3RhY2tfd2ViaG9vazp2ZXJzaW9uXzEYrYf0jd8KIktwcm9qZWN0cy9wcm9qZWN0bWF0ZS00ODUxMTAvbG9jYXRpb25zL3VzLWNlbnRyYWwxL2Z1bmN0aW9ucy9wYXlzdGFja1dlYmhvb2sqCwjrnOzOBhCwmOJKMghub2RlanMyMDp2CiNnY3IuaW8vZ2FlLXJ1bnRpbWVzL25vZGVqczIwOnN0YWJsZRJPdXMtY2VudHJhbDEtZG9ja2VyLnBrZy5kZXYvc2VydmVybGVzcy1ydW50aW1lcy9nb29nbGUtMjItZnVsbC9ydW50aW1lcy9ub2RlanMyMEAB","operationType":"UPDATE_FUNCTION","buildName":"projects/369127916461/locations/us-central1/builds/c950eecd-afe6-41b7-87a7-6e7e4bbd2989"},"done":false}
[debug] [2026-04-12T03:16:09.711Z] Got source token Cldwcm9qZWN0cy8zNjkxMjc5MTY0NjEvbG9jYXRpb25zL3VzLWNlbnRyYWwxL2J1aWxkcy9jOTUwZWVjZC1hZmU2LTQxYjctODdhNy02ZTdlNGJiZDI5ODkSeXVzLWNlbnRyYWwxLWRvY2tlci5wa2cuZGV2L3Byb2plY3RtYXRlLTQ4NTExMC9nY2YtYXJ0aWZhY3RzL3Byb2plY3RtYXRlLS00ODUxMTBfX3VzLS1jZW50cmFsMV9fcGF5c3RhY2tfd2ViaG9vazp2ZXJzaW9uXzEYrYf0jd8KIktwcm9qZWN0cy9wcm9qZWN0bWF0ZS00ODUxMTAvbG9jYXRpb25zL3VzLWNlbnRyYWwxL2Z1bmN0aW9ucy9wYXlzdGFja1dlYmhvb2sqCwjrnOzOBhCwmOJKMghub2RlanMyMDp2CiNnY3IuaW8vZ2FlLXJ1bnRpbWVzL25vZGVqczIwOnN0YWJsZRJPdXMtY2VudHJhbDEtZG9ja2VyLnBrZy5kZXYvc2VydmVybGVzcy1ydW50aW1lcy9nb29nbGUtMjItZnVsbC9ydW50aW1lcy9ub2RlanMyMEAB for region us-central1
[debug] [2026-04-12T03:16:09.739Z] <<< [apiv2][status] GET https://cloudfunctions.googleapis.com/v2/projects/projectmate-485110/locations/us-central1/operations/operation-1775963767507-64f3ac97f0beb-12627e36-1428ceaa 200
[debug] [2026-04-12T03:16:10.139Z] <<< [apiv2][body] GET https://cloudfunctions.googleapis.com/v2/projects/projectmate-485110/locations/us-central1/operations/operation-1775963767507-64f3ac97f0beb-12627e36-1428ceaa {"name":"projects/projectmate-485110/locations/us-central1/operations/operation-1775963767507-64f3ac97f0beb-12627e36-1428ceaa","metadata":{"@type":"type.googleapis.com/google.cloud.functions.v2.OperationMetadata","createTime":"2026-04-12T03:16:08.275516392Z","target":"projects/projectmate-485110/locations/us-central1/functions/generateOutline","verb":"update","cancelRequested":false,"apiVersion":"v2","requestResource":{"@type":"type.googleapis.com/google.cloud.functions.v2.Function","name":"projects/projectmate-485110/locations/us-central1/functions/generateOutline","buildConfig":{"runtime":"nodejs20","entryPoint":"generateOutline","source":{"storageSource":{"bucket":"gcf-v2-sources-369127916461-us-central1","object":"generateOutline/function-source.zip","generation":"1775963768215216"}},"environmentVariables":{"GOOGLE_NODE_RUN_SCRIPTS":""},"dockerRepository":"projects/projectmate-485110/locations/us-central1/repositories/gcf-artifacts","sourceProvenance":{"resolvedStorageSource":{"bucket":"gcf-v2-sources-369127916461-us-central1","object":"generateOutline/function-source.zip","generation":"1775948931304712"}},"dockerRegistry":"ARTIFACT_REGISTRY","sourceToken":"Cldwcm9qZWN0cy8zNjkxMjc5MTY0NjEvbG9jYXRpb25zL3VzLWNlbnRyYWwxL2J1aWxkcy9jOTUwZWVjZC1hZmU2LTQxYjctODdhNy02ZTdlNGJiZDI5ODkSeXVzLWNlbnRyYWwxLWRvY2tlci5wa2cuZGV2L3Byb2plY3RtYXRlLTQ4NTExMC9nY2YtYXJ0aWZhY3RzL3Byb2plY3RtYXRlLS00ODUxMTBfX3VzLS1jZW50cmFsMV9fcGF5c3RhY2tfd2ViaG9vazp2ZXJzaW9uXzEYrYf0jd8KIktwcm9qZWN0cy9wcm9qZWN0bWF0ZS00ODUxMTAvbG9jYXRpb25zL3VzLWNlbnRyYWwxL2Z1bmN0aW9ucy9wYXlzdGFja1dlYmhvb2sqCwjrnOzOBhCwmOJKMghub2RlanMyMDp2CiNnY3IuaW8vZ2FlLXJ1bnRpbWVzL25vZGVqczIwOnN0YWJsZRJPdXMtY2VudHJhbDEtZG9ja2VyLnBrZy5kZXYvc2VydmVybGVzcy1ydW50aW1lcy9nb29nbGUtMjItZnVsbC9ydW50aW1lcy9ub2RlanMyMEAB","serviceAccount":"projects/projectmate-485110/serviceAccounts/369127916461-compute@developer.gserviceaccount.com","automaticUpdatePolicy":{}},"serviceConfig":{"service":"projects/projectmate-485110/locations/us-central1/services/generateoutline","timeoutSeconds":60,"environmentVariables":{"FIREBASE_CONFIG":"{\"projectId\":\"projectmate-485110\",\"storageBucket\":\"projectmate-485110.firebasestorage.app\"}","GCLOUD_PROJECT":"projectmate-485110","EVENTARC_CLOUD_EVENT_SOURCE":"projects/projectmate-485110/locations/us-central1/services/generateOutline","FUNCTION_TARGET":"generateOutline","LOG_EXECUTION_ID":"true","FUNCTION_SIGNATURE_TYPE":"http"},"ingressSettings":"ALLOW_ALL","uri":"https://generateoutline-7e24pliqpa-uc.a.run.app","serviceAccountEmail":"369127916461-compute@developer.gserviceaccount.com","availableMemory":"256Mi","allTrafficOnLatestRevision":true,"secretEnvironmentVariables":[{"key":"GEMINI_API_KEY","projectId":"projectmate-485110","secret":"GEMINI_API_KEY","version":"3"}],"revision":"generateoutline-00014-mav","maxInstanceRequestConcurrency":80,"availableCpu":"1"},"state":"ACTIVE","labels":{"deployment-tool":"cloud-console","deployment-callable":"true","firebase-functions-hash":"a09b89b8a4e3da9631cd1eed21295e125b69dba2"},"environment":"GEN_2","url":"https://us-central1-projectmate-485110.cloudfunctions.net/generateOutline","satisfiesPzi":true},"stages":[{"name":"BUILD","message":"Reusing build","state":"COMPLETE","resource":"projects/369127916461/locations/us-central1/builds/c950eecd-afe6-41b7-87a7-6e7e4bbd2989","stateMessages":[{"severity":"WARNING","type":"BuildAnalysisWarning","message":"Node.js 20 is no longer supported by the Node.js community as of 30 April, 2026. Node.js 20 will be deprecated on 2026-04-30. We recommend you to upgrade to the latest version of Node.js as soon as possible."}]},{"name":"SERVICE","message":"Updating Cloud Run service","state":"IN_PROGRESS","resource":"projects/projectmate-485110/locations/us-central1/services/generateoutline","resourceUri":"https://console.cloud.google.com/run/detail/us-central1/generateoutline?project=projectmate-485110","stateMessages":[{"severity":"INFO","type":"CloudRunServiceNewRevisionTrafficInfo","message":"A new revision will be deployed serving with 100% traffic."}]}],"sourceToken":"Cldwcm9qZWN0cy8zNjkxMjc5MTY0NjEvbG9jYXRpb25zL3VzLWNlbnRyYWwxL2J1aWxkcy9jOTUwZWVjZC1hZmU2LTQxYjctODdhNy02ZTdlNGJiZDI5ODkSeXVzLWNlbnRyYWwxLWRvY2tlci5wa2cuZGV2L3Byb2plY3RtYXRlLTQ4NTExMC9nY2YtYXJ0aWZhY3RzL3Byb2plY3RtYXRlLS00ODUxMTBfX3VzLS1jZW50cmFsMV9fcGF5c3RhY2tfd2ViaG9vazp2ZXJzaW9uXzEYrYf0jd8KIktwcm9qZWN0cy9wcm9qZWN0bWF0ZS00ODUxMTAvbG9jYXRpb25zL3VzLWNlbnRyYWwxL2Z1bmN0aW9ucy9wYXlzdGFja1dlYmhvb2sqCwjrnOzOBhCwmOJKMghub2RlanMyMDp2CiNnY3IuaW8vZ2FlLXJ1bnRpbWVzL25vZGVqczIwOnN0YWJsZRJPdXMtY2VudHJhbDEtZG9ja2VyLnBrZy5kZXYvc2VydmVybGVzcy1ydW50aW1lcy9nb29nbGUtMjItZnVsbC9ydW50aW1lcy9ub2RlanMyMEAB","operationType":"UPDATE_FUNCTION","buildName":"projects/369127916461/locations/us-central1/builds/c950eecd-afe6-41b7-87a7-6e7e4bbd2989"},"done":false}
[debug] [2026-04-12T03:16:10.287Z] Got source token Cldwcm9qZWN0cy8zNjkxMjc5MTY0NjEvbG9jYXRpb25zL3VzLWNlbnRyYWwxL2J1aWxkcy9jOTUwZWVjZC1hZmU2LTQxYjctODdhNy02ZTdlNGJiZDI5ODkSeXVzLWNlbnRyYWwxLWRvY2tlci5wa2cuZGV2L3Byb2plY3RtYXRlLTQ4NTExMC9nY2YtYXJ0aWZhY3RzL3Byb2plY3RtYXRlLS00ODUxMTBfX3VzLS1jZW50cmFsMV9fcGF5c3RhY2tfd2ViaG9vazp2ZXJzaW9uXzEYrYf0jd8KIktwcm9qZWN0cy9wcm9qZWN0bWF0ZS00ODUxMTAvbG9jYXRpb25zL3VzLWNlbnRyYWwxL2Z1bmN0aW9ucy9wYXlzdGFja1dlYmhvb2sqCwjrnOzOBhCwmOJKMghub2RlanMyMDp2CiNnY3IuaW8vZ2FlLXJ1bnRpbWVzL25vZGVqczIwOnN0YWJsZRJPdXMtY2VudHJhbDEtZG9ja2VyLnBrZy5kZXYvc2VydmVybGVzcy1ydW50aW1lcy9nb29nbGUtMjItZnVsbC9ydW50aW1lcy9ub2RlanMyMEAB for region us-central1
[debug] [2026-04-12T03:16:10.445Z] [update-default-us-central1-elaborateStream] Retrying task index 0
[debug] [2026-04-12T03:16:10.506Z] Checked if tokens are valid: true, expires at: 1775966200663
[debug] [2026-04-12T03:16:10.635Z] Checked if tokens are valid: true, expires at: 1775966200663
[debug] [2026-04-12T03:16:10.772Z] >>> [apiv2][query] GET https://cloudfunctions.googleapis.com/v2/projects/projectmate-485110/locations/us-central1/operations/operation-1775963767311-64f3ac97c0e05-c91a5066-6fc597ca [none]
[debug] [2026-04-12T03:16:11.028Z] [update-default-us-central1-generateTopics] Retrying task index 0
[debug] [2026-04-12T03:16:11.088Z] Checked if tokens are valid: true, expires at: 1775966200663
[debug] [2026-04-12T03:16:11.136Z] Checked if tokens are valid: true, expires at: 1775966200663
[debug] [2026-04-12T03:16:11.138Z] >>> [apiv2][query] GET https://cloudfunctions.googleapis.com/v2/projects/projectmate-485110/locations/us-central1/operations/operation-1775963766654-64f3ac9720725-e8468a7c-ec77a1b3 [none]
[debug] [2026-04-12T03:16:11.304Z] [update-default-us-central1-generateSectionStream] Retrying task index 0
[debug] [2026-04-12T03:16:11.452Z] Checked if tokens are valid: true, expires at: 1775966200663
[debug] [2026-04-12T03:16:11.518Z] Checked if tokens are valid: true, expires at: 1775966200663
[debug] [2026-04-12T03:16:11.604Z] >>> [apiv2][query] GET https://cloudfunctions.googleapis.com/v2/projects/projectmate-485110/locations/us-central1/operations/operation-1775963767341-64f3ac97c8135-6049935c-031a0217 [none]
[debug] [2026-04-12T03:16:11.684Z] [update-default-us-central1-generateChapterStream] Retrying task index 0
[debug] [2026-04-12T03:16:11.705Z] Checked if tokens are valid: true, expires at: 1775966200663
[debug] [2026-04-12T03:16:11.736Z] Checked if tokens are valid: true, expires at: 1775966200663
[debug] [2026-04-12T03:16:11.738Z] >>> [apiv2][query] GET https://cloudfunctions.googleapis.com/v2/projects/projectmate-485110/locations/us-central1/operations/operation-1775963767535-64f3ac97f767a-41e13fbc-668fb6cf [none]
[debug] [2026-04-12T03:16:11.822Z] [update-default-us-central1-generateOutline] Retrying task index 0
[debug] [2026-04-12T03:16:12.038Z] Checked if tokens are valid: true, expires at: 1775966200663
[debug] [2026-04-12T03:16:12.071Z] Checked if tokens are valid: true, expires at: 1775966200663
[debug] [2026-04-12T03:16:12.287Z] >>> [apiv2][query] GET https://cloudfunctions.googleapis.com/v2/projects/projectmate-485110/locations/us-central1/operations/operation-1775963767507-64f3ac97f0beb-12627e36-1428ceaa [none]
[debug] [2026-04-12T03:16:12.302Z] <<< [apiv2][status] GET https://cloudfunctions.googleapis.com/v2/projects/projectmate-485110/locations/us-central1/operations/operation-1775963767341-64f3ac97c8135-6049935c-031a0217 200
[debug] [2026-04-12T03:16:12.303Z] <<< [apiv2][body] GET https://cloudfunctions.googleapis.com/v2/projects/projectmate-485110/locations/us-central1/operations/operation-1775963767341-64f3ac97c8135-6049935c-031a0217 {"name":"projects/projectmate-485110/locations/us-central1/operations/operation-1775963767341-64f3ac97c8135-6049935c-031a0217","metadata":{"@type":"type.googleapis.com/google.cloud.functions.v2.OperationMetadata","createTime":"2026-04-12T03:16:08.117410843Z","target":"projects/projectmate-485110/locations/us-central1/functions/generateSectionStream","verb":"update","cancelRequested":false,"apiVersion":"v2","requestResource":{"@type":"type.googleapis.com/google.cloud.functions.v2.Function","name":"projects/projectmate-485110/locations/us-central1/functions/generateSectionStream","buildConfig":{"runtime":"nodejs20","entryPoint":"generateSectionStream","source":{"storageSource":{"bucket":"gcf-v2-sources-369127916461-us-central1","object":"generateSectionStream/function-source.zip","generation":"1775963768070176"}},"environmentVariables":{"GOOGLE_NODE_RUN_SCRIPTS":""},"dockerRepository":"projects/projectmate-485110/locations/us-central1/repositories/gcf-artifacts","sourceProvenance":{"resolvedStorageSource":{"bucket":"gcf-v2-sources-369127916461-us-central1","object":"generateSectionStream/function-source.zip","generation":"1775948931237070"}},"dockerRegistry":"ARTIFACT_REGISTRY","sourceToken":"Cldwcm9qZWN0cy8zNjkxMjc5MTY0NjEvbG9jYXRpb25zL3VzLWNlbnRyYWwxL2J1aWxkcy9jOTUwZWVjZC1hZmU2LTQxYjctODdhNy02ZTdlNGJiZDI5ODkSeXVzLWNlbnRyYWwxLWRvY2tlci5wa2cuZGV2L3Byb2plY3RtYXRlLTQ4NTExMC9nY2YtYXJ0aWZhY3RzL3Byb2plY3RtYXRlLS00ODUxMTBfX3VzLS1jZW50cmFsMV9fcGF5c3RhY2tfd2ViaG9vazp2ZXJzaW9uXzEYrYf0jd8KIktwcm9qZWN0cy9wcm9qZWN0bWF0ZS00ODUxMTAvbG9jYXRpb25zL3VzLWNlbnRyYWwxL2Z1bmN0aW9ucy9wYXlzdGFja1dlYmhvb2sqCwjrnOzOBhCwmOJKMghub2RlanMyMDp2CiNnY3IuaW8vZ2FlLXJ1bnRpbWVzL25vZGVqczIwOnN0YWJsZRJPdXMtY2VudHJhbDEtZG9ja2VyLnBrZy5kZXYvc2VydmVybGVzcy1ydW50aW1lcy9nb29nbGUtMjItZnVsbC9ydW50aW1lcy9ub2RlanMyMEAB","serviceAccount":"projects/projectmate-485110/serviceAccounts/369127916461-compute@developer.gserviceaccount.com","automaticUpdatePolicy":{}},"serviceConfig":{"service":"projects/projectmate-485110/locations/us-central1/services/generatesectionstream","timeoutSeconds":60,"environmentVariables":{"FIREBASE_CONFIG":"{\"projectId\":\"projectmate-485110\",\"storageBucket\":\"projectmate-485110.firebasestorage.app\"}","GCLOUD_PROJECT":"projectmate-485110","EVENTARC_CLOUD_EVENT_SOURCE":"projects/projectmate-485110/locations/us-central1/services/generateSectionStream","FUNCTION_TARGET":"generateSectionStream","LOG_EXECUTION_ID":"true","FUNCTION_SIGNATURE_TYPE":"http"},"ingressSettings":"ALLOW_ALL","uri":"https://generatesectionstream-7e24pliqpa-uc.a.run.app","serviceAccountEmail":"369127916461-compute@developer.gserviceaccount.com","availableMemory":"256Mi","allTrafficOnLatestRevision":true,"secretEnvironmentVariables":[{"key":"GEMINI_API_KEY","projectId":"projectmate-485110","secret":"GEMINI_API_KEY","version":"3"}],"revision":"generatesectionstream-00012-zox","maxInstanceRequestConcurrency":80,"availableCpu":"1"},"state":"ACTIVE","labels":{"deployment-tool":"cli-firebase","firebase-functions-hash":"a09b89b8a4e3da9631cd1eed21295e125b69dba2"},"environment":"GEN_2","url":"https://us-central1-projectmate-485110.cloudfunctions.net/generateSectionStream","satisfiesPzi":true},"stages":[{"name":"BUILD","message":"Reusing build","state":"COMPLETE","resource":"projects/369127916461/locations/us-central1/builds/c950eecd-afe6-41b7-87a7-6e7e4bbd2989","stateMessages":[{"severity":"WARNING","type":"BuildAnalysisWarning","message":"Node.js 20 is no longer supported by the Node.js community as of 30 April, 2026. Node.js 20 will be deprecated on 2026-04-30. We recommend you to upgrade to the latest version of Node.js as soon as possible."}]},{"name":"SERVICE","message":"Updating Cloud Run service","state":"IN_PROGRESS","resource":"projects/projectmate-485110/locations/us-central1/services/generatesectionstream","resourceUri":"https://console.cloud.google.com/run/detail/us-central1/generatesectionstream?project=projectmate-485110","stateMessages":[{"severity":"INFO","type":"CloudRunServiceNewRevisionTrafficInfo","message":"A new revision will be deployed serving with 100% traffic."}]}],"sourceToken":"Cldwcm9qZWN0cy8zNjkxMjc5MTY0NjEvbG9jYXRpb25zL3VzLWNlbnRyYWwxL2J1aWxkcy9jOTUwZWVjZC1hZmU2LTQxYjctODdhNy02ZTdlNGJiZDI5ODkSeXVzLWNlbnRyYWwxLWRvY2tlci5wa2cuZGV2L3Byb2plY3RtYXRlLTQ4NTExMC9nY2YtYXJ0aWZhY3RzL3Byb2plY3RtYXRlLS00ODUxMTBfX3VzLS1jZW50cmFsMV9fcGF5c3RhY2tfd2ViaG9vazp2ZXJzaW9uXzEYrYf0jd8KIktwcm9qZWN0cy9wcm9qZWN0bWF0ZS00ODUxMTAvbG9jYXRpb25zL3VzLWNlbnRyYWwxL2Z1bmN0aW9ucy9wYXlzdGFja1dlYmhvb2sqCwjrnOzOBhCwmOJKMghub2RlanMyMDp2CiNnY3IuaW8vZ2FlLXJ1bnRpbWVzL25vZGVqczIwOnN0YWJsZRJPdXMtY2VudHJhbDEtZG9ja2VyLnBrZy5kZXYvc2VydmVybGVzcy1ydW50aW1lcy9nb29nbGUtMjItZnVsbC9ydW50aW1lcy9ub2RlanMyMEAB","operationType":"UPDATE_FUNCTION","buildName":"projects/369127916461/locations/us-central1/builds/c950eecd-afe6-41b7-87a7-6e7e4bbd2989"},"done":false}
[debug] [2026-04-12T03:16:12.305Z] Got source token Cldwcm9qZWN0cy8zNjkxMjc5MTY0NjEvbG9jYXRpb25zL3VzLWNlbnRyYWwxL2J1aWxkcy9jOTUwZWVjZC1hZmU2LTQxYjctODdhNy02ZTdlNGJiZDI5ODkSeXVzLWNlbnRyYWwxLWRvY2tlci5wa2cuZGV2L3Byb2plY3RtYXRlLTQ4NTExMC9nY2YtYXJ0aWZhY3RzL3Byb2plY3RtYXRlLS00ODUxMTBfX3VzLS1jZW50cmFsMV9fcGF5c3RhY2tfd2ViaG9vazp2ZXJzaW9uXzEYrYf0jd8KIktwcm9qZWN0cy9wcm9qZWN0bWF0ZS00ODUxMTAvbG9jYXRpb25zL3VzLWNlbnRyYWwxL2Z1bmN0aW9ucy9wYXlzdGFja1dlYmhvb2sqCwjrnOzOBhCwmOJKMghub2RlanMyMDp2CiNnY3IuaW8vZ2FlLXJ1bnRpbWVzL25vZGVqczIwOnN0YWJsZRJPdXMtY2VudHJhbDEtZG9ja2VyLnBrZy5kZXYvc2VydmVybGVzcy1ydW50aW1lcy9nb29nbGUtMjItZnVsbC9ydW50aW1lcy9ub2RlanMyMEAB for region us-central1
[debug] [2026-04-12T03:16:12.309Z] <<< [apiv2][status] GET https://cloudfunctions.googleapis.com/v2/projects/projectmate-485110/locations/us-central1/operations/operation-1775963766654-64f3ac9720725-e8468a7c-ec77a1b3 200
[debug] [2026-04-12T03:16:12.310Z] <<< [apiv2][body] GET https://cloudfunctions.googleapis.com/v2/projects/projectmate-485110/locations/us-central1/operations/operation-1775963766654-64f3ac9720725-e8468a7c-ec77a1b3 {"name":"projects/projectmate-485110/locations/us-central1/operations/operation-1775963766654-64f3ac9720725-e8468a7c-ec77a1b3","metadata":{"@type":"type.googleapis.com/google.cloud.functions.v2.OperationMetadata","createTime":"2026-04-12T03:16:07.551853971Z","target":"projects/projectmate-485110/locations/us-central1/functions/generateTopics","verb":"update","cancelRequested":false,"apiVersion":"v2","requestResource":{"@type":"type.googleapis.com/google.cloud.functions.v2.Function","name":"projects/projectmate-485110/locations/us-central1/functions/generateTopics","buildConfig":{"runtime":"nodejs20","entryPoint":"generateTopics","source":{"storageSource":{"bucket":"gcf-v2-sources-369127916461-us-central1","object":"generateTopics/function-source.zip","generation":"1775963767489420"}},"environmentVariables":{"GOOGLE_NODE_RUN_SCRIPTS":""},"dockerRepository":"projects/projectmate-485110/locations/us-central1/repositories/gcf-artifacts","sourceProvenance":{"resolvedStorageSource":{"bucket":"gcf-v2-sources-369127916461-us-central1","object":"generateTopics/function-source.zip","generation":"1775948931032963"}},"dockerRegistry":"ARTIFACT_REGISTRY","sourceToken":"Cldwcm9qZWN0cy8zNjkxMjc5MTY0NjEvbG9jYXRpb25zL3VzLWNlbnRyYWwxL2J1aWxkcy9jOTUwZWVjZC1hZmU2LTQxYjctODdhNy02ZTdlNGJiZDI5ODkSeXVzLWNlbnRyYWwxLWRvY2tlci5wa2cuZGV2L3Byb2plY3RtYXRlLTQ4NTExMC9nY2YtYXJ0aWZhY3RzL3Byb2plY3RtYXRlLS00ODUxMTBfX3VzLS1jZW50cmFsMV9fcGF5c3RhY2tfd2ViaG9vazp2ZXJzaW9uXzEYrYf0jd8KIktwcm9qZWN0cy9wcm9qZWN0bWF0ZS00ODUxMTAvbG9jYXRpb25zL3VzLWNlbnRyYWwxL2Z1bmN0aW9ucy9wYXlzdGFja1dlYmhvb2sqCwjrnOzOBhCwmOJKMghub2RlanMyMDp2CiNnY3IuaW8vZ2FlLXJ1bnRpbWVzL25vZGVqczIwOnN0YWJsZRJPdXMtY2VudHJhbDEtZG9ja2VyLnBrZy5kZXYvc2VydmVybGVzcy1ydW50aW1lcy9nb29nbGUtMjItZnVsbC9ydW50aW1lcy9ub2RlanMyMEAB","serviceAccount":"projects/projectmate-485110/serviceAccounts/369127916461-compute@developer.gserviceaccount.com","automaticUpdatePolicy":{}},"serviceConfig":{"service":"projects/projectmate-485110/locations/us-central1/services/generatetopics","timeoutSeconds":60,"environmentVariables":{"FIREBASE_CONFIG":"{\"projectId\":\"projectmate-485110\",\"storageBucket\":\"projectmate-485110.firebasestorage.app\"}","GCLOUD_PROJECT":"projectmate-485110","EVENTARC_CLOUD_EVENT_SOURCE":"projects/projectmate-485110/locations/us-central1/services/generateTopics","FUNCTION_TARGET":"generateTopics","LOG_EXECUTION_ID":"true","FUNCTION_SIGNATURE_TYPE":"http"},"ingressSettings":"ALLOW_ALL","uri":"https://generatetopics-7e24pliqpa-uc.a.run.app","serviceAccountEmail":"369127916461-compute@developer.gserviceaccount.com","availableMemory":"256Mi","allTrafficOnLatestRevision":true,"secretEnvironmentVariables":[{"key":"GEMINI_API_KEY","projectId":"projectmate-485110","secret":"GEMINI_API_KEY","version":"3"}],"revision":"generatetopics-00014-res","maxInstanceRequestConcurrency":80,"availableCpu":"1"},"state":"ACTIVE","labels":{"deployment-tool":"cloud-console","deployment-callable":"true","firebase-functions-hash":"a09b89b8a4e3da9631cd1eed21295e125b69dba2"},"environment":"GEN_2","url":"https://us-central1-projectmate-485110.cloudfunctions.net/generateTopics","satisfiesPzi":true},"stages":[{"name":"BUILD","message":"Reusing build","state":"COMPLETE","resource":"projects/369127916461/locations/us-central1/builds/c950eecd-afe6-41b7-87a7-6e7e4bbd2989","stateMessages":[{"severity":"WARNING","type":"BuildAnalysisWarning","message":"Node.js 20 is no longer supported by the Node.js community as of 30 April, 2026. Node.js 20 will be deprecated on 2026-04-30. We recommend you to upgrade to the latest version of Node.js as soon as possible."}]},{"name":"SERVICE","message":"Updating Cloud Run service","state":"IN_PROGRESS","resource":"projects/projectmate-485110/locations/us-central1/services/generatetopics","resourceUri":"https://console.cloud.google.com/run/detail/us-central1/generatetopics?project=projectmate-485110","stateMessages":[{"severity":"INFO","type":"CloudRunServiceNewRevisionTrafficInfo","message":"A new revision will be deployed serving with 100% traffic."}]}],"sourceToken":"Cldwcm9qZWN0cy8zNjkxMjc5MTY0NjEvbG9jYXRpb25zL3VzLWNlbnRyYWwxL2J1aWxkcy9jOTUwZWVjZC1hZmU2LTQxYjctODdhNy02ZTdlNGJiZDI5ODkSeXVzLWNlbnRyYWwxLWRvY2tlci5wa2cuZGV2L3Byb2plY3RtYXRlLTQ4NTExMC9nY2YtYXJ0aWZhY3RzL3Byb2plY3RtYXRlLS00ODUxMTBfX3VzLS1jZW50cmFsMV9fcGF5c3RhY2tfd2ViaG9vazp2ZXJzaW9uXzEYrYf0jd8KIktwcm9qZWN0cy9wcm9qZWN0bWF0ZS00ODUxMTAvbG9jYXRpb25zL3VzLWNlbnRyYWwxL2Z1bmN0aW9ucy9wYXlzdGFja1dlYmhvb2sqCwjrnOzOBhCwmOJKMghub2RlanMyMDp2CiNnY3IuaW8vZ2FlLXJ1bnRpbWVzL25vZGVqczIwOnN0YWJsZRJPdXMtY2VudHJhbDEtZG9ja2VyLnBrZy5kZXYvc2VydmVybGVzcy1ydW50aW1lcy9nb29nbGUtMjItZnVsbC9ydW50aW1lcy9ub2RlanMyMEAB","operationType":"UPDATE_FUNCTION","buildName":"projects/369127916461/locations/us-central1/builds/c950eecd-afe6-41b7-87a7-6e7e4bbd2989"},"done":false}
[debug] [2026-04-12T03:16:12.313Z] Got source token Cldwcm9qZWN0cy8zNjkxMjc5MTY0NjEvbG9jYXRpb25zL3VzLWNlbnRyYWwxL2J1aWxkcy9jOTUwZWVjZC1hZmU2LTQxYjctODdhNy02ZTdlNGJiZDI5ODkSeXVzLWNlbnRyYWwxLWRvY2tlci5wa2cuZGV2L3Byb2plY3RtYXRlLTQ4NTExMC9nY2YtYXJ0aWZhY3RzL3Byb2plY3RtYXRlLS00ODUxMTBfX3VzLS1jZW50cmFsMV9fcGF5c3RhY2tfd2ViaG9vazp2ZXJzaW9uXzEYrYf0jd8KIktwcm9qZWN0cy9wcm9qZWN0bWF0ZS00ODUxMTAvbG9jYXRpb25zL3VzLWNlbnRyYWwxL2Z1bmN0aW9ucy9wYXlzdGFja1dlYmhvb2sqCwjrnOzOBhCwmOJKMghub2RlanMyMDp2CiNnY3IuaW8vZ2FlLXJ1bnRpbWVzL25vZGVqczIwOnN0YWJsZRJPdXMtY2VudHJhbDEtZG9ja2VyLnBrZy5kZXYvc2VydmVybGVzcy1ydW50aW1lcy9nb29nbGUtMjItZnVsbC9ydW50aW1lcy9ub2RlanMyMEAB for region us-central1
[debug] [2026-04-12T03:16:12.322Z] <<< [apiv2][status] GET https://cloudfunctions.googleapis.com/v2/projects/projectmate-485110/locations/us-central1/operations/operation-1775963767311-64f3ac97c0e05-c91a5066-6fc597ca 200
[debug] [2026-04-12T03:16:12.324Z] <<< [apiv2][body] GET https://cloudfunctions.googleapis.com/v2/projects/projectmate-485110/locations/us-central1/operations/operation-1775963767311-64f3ac97c0e05-c91a5066-6fc597ca {"name":"projects/projectmate-485110/locations/us-central1/operations/operation-1775963767311-64f3ac97c0e05-c91a5066-6fc597ca","metadata":{"@type":"type.googleapis.com/google.cloud.functions.v2.OperationMetadata","createTime":"2026-04-12T03:16:08.197422641Z","target":"projects/projectmate-485110/locations/us-central1/functions/elaborateStream","verb":"update","cancelRequested":false,"apiVersion":"v2","requestResource":{"@type":"type.googleapis.com/google.cloud.functions.v2.Function","name":"projects/projectmate-485110/locations/us-central1/functions/elaborateStream","buildConfig":{"runtime":"nodejs20","entryPoint":"elaborateStream","source":{"storageSource":{"bucket":"gcf-v2-sources-369127916461-us-central1","object":"elaborateStream/function-source.zip","generation":"1775963768156238"}},"environmentVariables":{"GOOGLE_NODE_RUN_SCRIPTS":""},"dockerRepository":"projects/projectmate-485110/locations/us-central1/repositories/gcf-artifacts","sourceProvenance":{"resolvedStorageSource":{"bucket":"gcf-v2-sources-369127916461-us-central1","object":"elaborateStream/function-source.zip","generation":"1775948931386201"}},"dockerRegistry":"ARTIFACT_REGISTRY","sourceToken":"Cldwcm9qZWN0cy8zNjkxMjc5MTY0NjEvbG9jYXRpb25zL3VzLWNlbnRyYWwxL2J1aWxkcy9jOTUwZWVjZC1hZmU2LTQxYjctODdhNy02ZTdlNGJiZDI5ODkSeXVzLWNlbnRyYWwxLWRvY2tlci5wa2cuZGV2L3Byb2plY3RtYXRlLTQ4NTExMC9nY2YtYXJ0aWZhY3RzL3Byb2plY3RtYXRlLS00ODUxMTBfX3VzLS1jZW50cmFsMV9fcGF5c3RhY2tfd2ViaG9vazp2ZXJzaW9uXzEYrYf0jd8KIktwcm9qZWN0cy9wcm9qZWN0bWF0ZS00ODUxMTAvbG9jYXRpb25zL3VzLWNlbnRyYWwxL2Z1bmN0aW9ucy9wYXlzdGFja1dlYmhvb2sqCwjrnOzOBhCwmOJKMghub2RlanMyMDp2CiNnY3IuaW8vZ2FlLXJ1bnRpbWVzL25vZGVqczIwOnN0YWJsZRJPdXMtY2VudHJhbDEtZG9ja2VyLnBrZy5kZXYvc2VydmVybGVzcy1ydW50aW1lcy9nb29nbGUtMjItZnVsbC9ydW50aW1lcy9ub2RlanMyMEAB","serviceAccount":"projects/projectmate-485110/serviceAccounts/369127916461-compute@developer.gserviceaccount.com","automaticUpdatePolicy":{}},"serviceConfig":{"service":"projects/projectmate-485110/locations/us-central1/services/elaboratestream","timeoutSeconds":60,"environmentVariables":{"FIREBASE_CONFIG":"{\"projectId\":\"projectmate-485110\",\"storageBucket\":\"projectmate-485110.firebasestorage.app\"}","GCLOUD_PROJECT":"projectmate-485110","EVENTARC_CLOUD_EVENT_SOURCE":"projects/projectmate-485110/locations/us-central1/services/elaborateStream","FUNCTION_TARGET":"elaborateStream","LOG_EXECUTION_ID":"true","FUNCTION_SIGNATURE_TYPE":"http"},"ingressSettings":"ALLOW_ALL","uri":"https://elaboratestream-7e24pliqpa-uc.a.run.app","serviceAccountEmail":"369127916461-compute@developer.gserviceaccount.com","availableMemory":"256Mi","allTrafficOnLatestRevision":true,"secretEnvironmentVariables":[{"key":"GEMINI_API_KEY","projectId":"projectmate-485110","secret":"GEMINI_API_KEY","version":"3"}],"revision":"elaboratestream-00012-mox","maxInstanceRequestConcurrency":80,"availableCpu":"1"},"state":"ACTIVE","labels":{"deployment-tool":"cli-firebase","firebase-functions-hash":"a09b89b8a4e3da9631cd1eed21295e125b69dba2"},"environment":"GEN_2","url":"https://us-central1-projectmate-485110.cloudfunctions.net/elaborateStream","satisfiesPzi":true},"stages":[{"name":"BUILD","message":"Reusing build","state":"COMPLETE","resource":"projects/369127916461/locations/us-central1/builds/c950eecd-afe6-41b7-87a7-6e7e4bbd2989","stateMessages":[{"severity":"WARNING","type":"BuildAnalysisWarning","message":"Node.js 20 is no longer supported by the Node.js community as of 30 April, 2026. Node.js 20 will be deprecated on 2026-04-30. We recommend you to upgrade to the latest version of Node.js as soon as possible."}]},{"name":"SERVICE","message":"Updating Cloud Run service","state":"IN_PROGRESS","resource":"projects/projectmate-485110/locations/us-central1/services/elaboratestream","resourceUri":"https://console.cloud.google.com/run/detail/us-central1/elaboratestream?project=projectmate-485110","stateMessages":[{"severity":"INFO","type":"CloudRunServiceNewRevisionTrafficInfo","message":"A new revision will be deployed serving with 100% traffic."}]}],"sourceToken":"Cldwcm9qZWN0cy8zNjkxMjc5MTY0NjEvbG9jYXRpb25zL3VzLWNlbnRyYWwxL2J1aWxkcy9jOTUwZWVjZC1hZmU2LTQxYjctODdhNy02ZTdlNGJiZDI5ODkSeXVzLWNlbnRyYWwxLWRvY2tlci5wa2cuZGV2L3Byb2plY3RtYXRlLTQ4NTExMC9nY2YtYXJ0aWZhY3RzL3Byb2plY3RtYXRlLS00ODUxMTBfX3VzLS1jZW50cmFsMV9fcGF5c3RhY2tfd2ViaG9vazp2ZXJzaW9uXzEYrYf0jd8KIktwcm9qZWN0cy9wcm9qZWN0bWF0ZS00ODUxMTAvbG9jYXRpb25zL3VzLWNlbnRyYWwxL2Z1bmN0aW9ucy9wYXlzdGFja1dlYmhvb2sqCwjrnOzOBhCwmOJKMghub2RlanMyMDp2CiNnY3IuaW8vZ2FlLXJ1bnRpbWVzL25vZGVqczIwOnN0YWJsZRJPdXMtY2VudHJhbDEtZG9ja2VyLnBrZy5kZXYvc2VydmVybGVzcy1ydW50aW1lcy9nb29nbGUtMjItZnVsbC9ydW50aW1lcy9ub2RlanMyMEAB","operationType":"UPDATE_FUNCTION","buildName":"projects/369127916461/locations/us-central1/builds/c950eecd-afe6-41b7-87a7-6e7e4bbd2989"},"done":false}
[debug] [2026-04-12T03:16:12.327Z] Got source token Cldwcm9qZWN0cy8zNjkxMjc5MTY0NjEvbG9jYXRpb25zL3VzLWNlbnRyYWwxL2J1aWxkcy9jOTUwZWVjZC1hZmU2LTQxYjctODdhNy02ZTdlNGJiZDI5ODkSeXVzLWNlbnRyYWwxLWRvY2tlci5wa2cuZGV2L3Byb2plY3RtYXRlLTQ4NTExMC9nY2YtYXJ0aWZhY3RzL3Byb2plY3RtYXRlLS00ODUxMTBfX3VzLS1jZW50cmFsMV9fcGF5c3RhY2tfd2ViaG9vazp2ZXJzaW9uXzEYrYf0jd8KIktwcm9qZWN0cy9wcm9qZWN0bWF0ZS00ODUxMTAvbG9jYXRpb25zL3VzLWNlbnRyYWwxL2Z1bmN0aW9ucy9wYXlzdGFja1dlYmhvb2sqCwjrnOzOBhCwmOJKMghub2RlanMyMDp2CiNnY3IuaW8vZ2FlLXJ1bnRpbWVzL25vZGVqczIwOnN0YWJsZRJPdXMtY2VudHJhbDEtZG9ja2VyLnBrZy5kZXYvc2VydmVybGVzcy1ydW50aW1lcy9nb29nbGUtMjItZnVsbC9ydW50aW1lcy9ub2RlanMyMEAB for region us-central1
[debug] [2026-04-12T03:16:12.330Z] <<< [apiv2][status] GET https://cloudfunctions.googleapis.com/v2/projects/projectmate-485110/locations/us-central1/operations/operation-1775963767535-64f3ac97f767a-41e13fbc-668fb6cf 200
[debug] [2026-04-12T03:16:12.337Z] <<< [apiv2][body] GET https://cloudfunctions.googleapis.com/v2/projects/projectmate-485110/locations/us-central1/operations/operation-1775963767535-64f3ac97f767a-41e13fbc-668fb6cf {"name":"projects/projectmate-485110/locations/us-central1/operations/operation-1775963767535-64f3ac97f767a-41e13fbc-668fb6cf","metadata":{"@type":"type.googleapis.com/google.cloud.functions.v2.OperationMetadata","createTime":"2026-04-12T03:16:08.349931342Z","target":"projects/projectmate-485110/locations/us-central1/functions/generateChapterStream","verb":"update","cancelRequested":false,"apiVersion":"v2","requestResource":{"@type":"type.googleapis.com/google.cloud.functions.v2.Function","name":"projects/projectmate-485110/locations/us-central1/functions/generateChapterStream","buildConfig":{"runtime":"nodejs20","entryPoint":"generateChapterStream","source":{"storageSource":{"bucket":"gcf-v2-sources-369127916461-us-central1","object":"generateChapterStream/function-source.zip","generation":"1775963768302524"}},"environmentVariables":{"GOOGLE_NODE_RUN_SCRIPTS":""},"dockerRepository":"projects/projectmate-485110/locations/us-central1/repositories/gcf-artifacts","sourceProvenance":{"resolvedStorageSource":{"bucket":"gcf-v2-sources-369127916461-us-central1","object":"generateChapterStream/function-source.zip","generation":"1775948931245841"}},"dockerRegistry":"ARTIFACT_REGISTRY","sourceToken":"Cldwcm9qZWN0cy8zNjkxMjc5MTY0NjEvbG9jYXRpb25zL3VzLWNlbnRyYWwxL2J1aWxkcy9jOTUwZWVjZC1hZmU2LTQxYjctODdhNy02ZTdlNGJiZDI5ODkSeXVzLWNlbnRyYWwxLWRvY2tlci5wa2cuZGV2L3Byb2plY3RtYXRlLTQ4NTExMC9nY2YtYXJ0aWZhY3RzL3Byb2plY3RtYXRlLS00ODUxMTBfX3VzLS1jZW50cmFsMV9fcGF5c3RhY2tfd2ViaG9vazp2ZXJzaW9uXzEYrYf0jd8KIktwcm9qZWN0cy9wcm9qZWN0bWF0ZS00ODUxMTAvbG9jYXRpb25zL3VzLWNlbnRyYWwxL2Z1bmN0aW9ucy9wYXlzdGFja1dlYmhvb2sqCwjrnOzOBhCwmOJKMghub2RlanMyMDp2CiNnY3IuaW8vZ2FlLXJ1bnRpbWVzL25vZGVqczIwOnN0YWJsZRJPdXMtY2VudHJhbDEtZG9ja2VyLnBrZy5kZXYvc2VydmVybGVzcy1ydW50aW1lcy9nb29nbGUtMjItZnVsbC9ydW50aW1lcy9ub2RlanMyMEAB","serviceAccount":"projects/projectmate-485110/serviceAccounts/369127916461-compute@developer.gserviceaccount.com","automaticUpdatePolicy":{}},"serviceConfig":{"service":"projects/projectmate-485110/locations/us-central1/services/generatechapterstream","timeoutSeconds":60,"environmentVariables":{"FIREBASE_CONFIG":"{\"projectId\":\"projectmate-485110\",\"storageBucket\":\"projectmate-485110.firebasestorage.app\"}","GCLOUD_PROJECT":"projectmate-485110","EVENTARC_CLOUD_EVENT_SOURCE":"projects/projectmate-485110/locations/us-central1/services/generateChapterStream","FUNCTION_TARGET":"generateChapterStream","LOG_EXECUTION_ID":"true","FUNCTION_SIGNATURE_TYPE":"http"},"ingressSettings":"ALLOW_ALL","uri":"https://generatechapterstream-7e24pliqpa-uc.a.run.app","serviceAccountEmail":"369127916461-compute@developer.gserviceaccount.com","availableMemory":"256Mi","allTrafficOnLatestRevision":true,"secretEnvironmentVariables":[{"key":"GEMINI_API_KEY","projectId":"projectmate-485110","secret":"GEMINI_API_KEY","version":"3"}],"revision":"generatechapterstream-00013-qav","maxInstanceRequestConcurrency":80,"availableCpu":"1"},"state":"ACTIVE","labels":{"deployment-tool":"cli-firebase","firebase-functions-hash":"a09b89b8a4e3da9631cd1eed21295e125b69dba2"},"environment":"GEN_2","url":"https://us-central1-projectmate-485110.cloudfunctions.net/generateChapterStream","satisfiesPzi":true},"stages":[{"name":"BUILD","message":"Reusing build","state":"COMPLETE","resource":"projects/369127916461/locations/us-central1/builds/c950eecd-afe6-41b7-87a7-6e7e4bbd2989","stateMessages":[{"severity":"WARNING","type":"BuildAnalysisWarning","message":"Node.js 20 is no longer supported by the Node.js community as of 30 April, 2026. Node.js 20 will be deprecated on 2026-04-30. We recommend you to upgrade to the latest version of Node.js as soon as possible."}]},{"name":"SERVICE","message":"Updating Cloud Run service","state":"IN_PROGRESS","resource":"projects/projectmate-485110/locations/us-central1/services/generatechapterstream","resourceUri":"https://console.cloud.google.com/run/detail/us-central1/generatechapterstream?project=projectmate-485110","stateMessages":[{"severity":"INFO","type":"CloudRunServiceNewRevisionTrafficInfo","message":"A new revision will be deployed serving with 100% traffic."}]}],"sourceToken":"Cldwcm9qZWN0cy8zNjkxMjc5MTY0NjEvbG9jYXRpb25zL3VzLWNlbnRyYWwxL2J1aWxkcy9jOTUwZWVjZC1hZmU2LTQxYjctODdhNy02ZTdlNGJiZDI5ODkSeXVzLWNlbnRyYWwxLWRvY2tlci5wa2cuZGV2L3Byb2plY3RtYXRlLTQ4NTExMC9nY2YtYXJ0aWZhY3RzL3Byb2plY3RtYXRlLS00ODUxMTBfX3VzLS1jZW50cmFsMV9fcGF5c3RhY2tfd2ViaG9vazp2ZXJzaW9uXzEYrYf0jd8KIktwcm9qZWN0cy9wcm9qZWN0bWF0ZS00ODUxMTAvbG9jYXRpb25zL3VzLWNlbnRyYWwxL2Z1bmN0aW9ucy9wYXlzdGFja1dlYmhvb2sqCwjrnOzOBhCwmOJKMghub2RlanMyMDp2CiNnY3IuaW8vZ2FlLXJ1bnRpbWVzL25vZGVqczIwOnN0YWJsZRJPdXMtY2VudHJhbDEtZG9ja2VyLnBrZy5kZXYvc2VydmVybGVzcy1ydW50aW1lcy9nb29nbGUtMjItZnVsbC9ydW50aW1lcy9ub2RlanMyMEAB","operationType":"UPDATE_FUNCTION","buildName":"projects/369127916461/locations/us-central1/builds/c950eecd-afe6-41b7-87a7-6e7e4bbd2989"},"done":false}
[debug] [2026-04-12T03:16:12.350Z] Got source token Cldwcm9qZWN0cy8zNjkxMjc5MTY0NjEvbG9jYXRpb25zL3VzLWNlbnRyYWwxL2J1aWxkcy9jOTUwZWVjZC1hZmU2LTQxYjctODdhNy02ZTdlNGJiZDI5ODkSeXVzLWNlbnRyYWwxLWRvY2tlci5wa2cuZGV2L3Byb2plY3RtYXRlLTQ4NTExMC9nY2YtYXJ0aWZhY3RzL3Byb2plY3RtYXRlLS00ODUxMTBfX3VzLS1jZW50cmFsMV9fcGF5c3RhY2tfd2ViaG9vazp2ZXJzaW9uXzEYrYf0jd8KIktwcm9qZWN0cy9wcm9qZWN0bWF0ZS00ODUxMTAvbG9jYXRpb25zL3VzLWNlbnRyYWwxL2Z1bmN0aW9ucy9wYXlzdGFja1dlYmhvb2sqCwjrnOzOBhCwmOJKMghub2RlanMyMDp2CiNnY3IuaW8vZ2FlLXJ1bnRpbWVzL25vZGVqczIwOnN0YWJsZRJPdXMtY2VudHJhbDEtZG9ja2VyLnBrZy5kZXYvc2VydmVybGVzcy1ydW50aW1lcy9nb29nbGUtMjItZnVsbC9ydW50aW1lcy9ub2RlanMyMEAB for region us-central1
[debug] [2026-04-12T03:16:12.770Z] <<< [apiv2][status] GET https://cloudfunctions.googleapis.com/v2/projects/projectmate-485110/locations/us-central1/operations/operation-1775963767507-64f3ac97f0beb-12627e36-1428ceaa 200
[debug] [2026-04-12T03:16:12.771Z] <<< [apiv2][body] GET https://cloudfunctions.googleapis.com/v2/projects/projectmate-485110/locations/us-central1/operations/operation-1775963767507-64f3ac97f0beb-12627e36-1428ceaa {"name":"projects/projectmate-485110/locations/us-central1/operations/operation-1775963767507-64f3ac97f0beb-12627e36-1428ceaa","metadata":{"@type":"type.googleapis.com/google.cloud.functions.v2.OperationMetadata","createTime":"2026-04-12T03:16:08.275516392Z","target":"projects/projectmate-485110/locations/us-central1/functions/generateOutline","verb":"update","cancelRequested":false,"apiVersion":"v2","requestResource":{"@type":"type.googleapis.com/google.cloud.functions.v2.Function","name":"projects/projectmate-485110/locations/us-central1/functions/generateOutline","buildConfig":{"runtime":"nodejs20","entryPoint":"generateOutline","source":{"storageSource":{"bucket":"gcf-v2-sources-369127916461-us-central1","object":"generateOutline/function-source.zip","generation":"1775963768215216"}},"environmentVariables":{"GOOGLE_NODE_RUN_SCRIPTS":""},"dockerRepository":"projects/projectmate-485110/locations/us-central1/repositories/gcf-artifacts","sourceProvenance":{"resolvedStorageSource":{"bucket":"gcf-v2-sources-369127916461-us-central1","object":"generateOutline/function-source.zip","generation":"1775948931304712"}},"dockerRegistry":"ARTIFACT_REGISTRY","sourceToken":"Cldwcm9qZWN0cy8zNjkxMjc5MTY0NjEvbG9jYXRpb25zL3VzLWNlbnRyYWwxL2J1aWxkcy9jOTUwZWVjZC1hZmU2LTQxYjctODdhNy02ZTdlNGJiZDI5ODkSeXVzLWNlbnRyYWwxLWRvY2tlci5wa2cuZGV2L3Byb2plY3RtYXRlLTQ4NTExMC9nY2YtYXJ0aWZhY3RzL3Byb2plY3RtYXRlLS00ODUxMTBfX3VzLS1jZW50cmFsMV9fcGF5c3RhY2tfd2ViaG9vazp2ZXJzaW9uXzEYrYf0jd8KIktwcm9qZWN0cy9wcm9qZWN0bWF0ZS00ODUxMTAvbG9jYXRpb25zL3VzLWNlbnRyYWwxL2Z1bmN0aW9ucy9wYXlzdGFja1dlYmhvb2sqCwjrnOzOBhCwmOJKMghub2RlanMyMDp2CiNnY3IuaW8vZ2FlLXJ1bnRpbWVzL25vZGVqczIwOnN0YWJsZRJPdXMtY2VudHJhbDEtZG9ja2VyLnBrZy5kZXYvc2VydmVybGVzcy1ydW50aW1lcy9nb29nbGUtMjItZnVsbC9ydW50aW1lcy9ub2RlanMyMEAB","serviceAccount":"projects/projectmate-485110/serviceAccounts/369127916461-compute@developer.gserviceaccount.com","automaticUpdatePolicy":{}},"serviceConfig":{"service":"projects/projectmate-485110/locations/us-central1/services/generateoutline","timeoutSeconds":60,"environmentVariables":{"FIREBASE_CONFIG":"{\"projectId\":\"projectmate-485110\",\"storageBucket\":\"projectmate-485110.firebasestorage.app\"}","GCLOUD_PROJECT":"projectmate-485110","EVENTARC_CLOUD_EVENT_SOURCE":"projects/projectmate-485110/locations/us-central1/services/generateOutline","FUNCTION_TARGET":"generateOutline","LOG_EXECUTION_ID":"true","FUNCTION_SIGNATURE_TYPE":"http"},"ingressSettings":"ALLOW_ALL","uri":"https://generateoutline-7e24pliqpa-uc.a.run.app","serviceAccountEmail":"369127916461-compute@developer.gserviceaccount.com","availableMemory":"256Mi","allTrafficOnLatestRevision":true,"secretEnvironmentVariables":[{"key":"GEMINI_API_KEY","projectId":"projectmate-485110","secret":"GEMINI_API_KEY","version":"3"}],"revision":"generateoutline-00014-mav","maxInstanceRequestConcurrency":80,"availableCpu":"1"},"state":"ACTIVE","labels":{"deployment-tool":"cloud-console","deployment-callable":"true","firebase-functions-hash":"a09b89b8a4e3da9631cd1eed21295e125b69dba2"},"environment":"GEN_2","url":"https://us-central1-projectmate-485110.cloudfunctions.net/generateOutline","satisfiesPzi":true},"stages":[{"name":"BUILD","message":"Reusing build","state":"COMPLETE","resource":"projects/369127916461/locations/us-central1/builds/c950eecd-afe6-41b7-87a7-6e7e4bbd2989","stateMessages":[{"severity":"WARNING","type":"BuildAnalysisWarning","message":"Node.js 20 is no longer supported by the Node.js community as of 30 April, 2026. Node.js 20 will be deprecated on 2026-04-30. We recommend you to upgrade to the latest version of Node.js as soon as possible."}]},{"name":"SERVICE","message":"Updating Cloud Run service","state":"IN_PROGRESS","resource":"projects/projectmate-485110/locations/us-central1/services/generateoutline","resourceUri":"https://console.cloud.google.com/run/detail/us-central1/generateoutline?project=projectmate-485110","stateMessages":[{"severity":"INFO","type":"CloudRunServiceNewRevisionTrafficInfo","message":"A new revision will be deployed serving with 100% traffic."}]}],"sourceToken":"Cldwcm9qZWN0cy8zNjkxMjc5MTY0NjEvbG9jYXRpb25zL3VzLWNlbnRyYWwxL2J1aWxkcy9jOTUwZWVjZC1hZmU2LTQxYjctODdhNy02ZTdlNGJiZDI5ODkSeXVzLWNlbnRyYWwxLWRvY2tlci5wa2cuZGV2L3Byb2plY3RtYXRlLTQ4NTExMC9nY2YtYXJ0aWZhY3RzL3Byb2plY3RtYXRlLS00ODUxMTBfX3VzLS1jZW50cmFsMV9fcGF5c3RhY2tfd2ViaG9vazp2ZXJzaW9uXzEYrYf0jd8KIktwcm9qZWN0cy9wcm9qZWN0bWF0ZS00ODUxMTAvbG9jYXRpb25zL3VzLWNlbnRyYWwxL2Z1bmN0aW9ucy9wYXlzdGFja1dlYmhvb2sqCwjrnOzOBhCwmOJKMghub2RlanMyMDp2CiNnY3IuaW8vZ2FlLXJ1bnRpbWVzL25vZGVqczIwOnN0YWJsZRJPdXMtY2VudHJhbDEtZG9ja2VyLnBrZy5kZXYvc2VydmVybGVzcy1ydW50aW1lcy9nb29nbGUtMjItZnVsbC9ydW50aW1lcy9ub2RlanMyMEAB","operationType":"UPDATE_FUNCTION","buildName":"projects/369127916461/locations/us-central1/builds/c950eecd-afe6-41b7-87a7-6e7e4bbd2989"},"done":false}
[debug] [2026-04-12T03:16:12.780Z] Got source token Cldwcm9qZWN0cy8zNjkxMjc5MTY0NjEvbG9jYXRpb25zL3VzLWNlbnRyYWwxL2J1aWxkcy9jOTUwZWVjZC1hZmU2LTQxYjctODdhNy02ZTdlNGJiZDI5ODkSeXVzLWNlbnRyYWwxLWRvY2tlci5wa2cuZGV2L3Byb2plY3RtYXRlLTQ4NTExMC9nY2YtYXJ0aWZhY3RzL3Byb2plY3RtYXRlLS00ODUxMTBfX3VzLS1jZW50cmFsMV9fcGF5c3RhY2tfd2ViaG9vazp2ZXJzaW9uXzEYrYf0jd8KIktwcm9qZWN0cy9wcm9qZWN0bWF0ZS00ODUxMTAvbG9jYXRpb25zL3VzLWNlbnRyYWwxL2Z1bmN0aW9ucy9wYXlzdGFja1dlYmhvb2sqCwjrnOzOBhCwmOJKMghub2RlanMyMDp2CiNnY3IuaW8vZ2FlLXJ1bnRpbWVzL25vZGVqczIwOnN0YWJsZRJPdXMtY2VudHJhbDEtZG9ja2VyLnBrZy5kZXYvc2VydmVybGVzcy1ydW50aW1lcy9nb29nbGUtMjItZnVsbC9ydW50aW1lcy9ub2RlanMyMEAB for region us-central1
[debug] [2026-04-12T03:16:13.750Z] [update-default-us-central1-paystackWebhook] Retrying task index 0
[debug] [2026-04-12T03:16:13.818Z] Checked if tokens are valid: true, expires at: 1775966200663
[debug] [2026-04-12T03:16:13.828Z] Checked if tokens are valid: true, expires at: 1775966200663
[debug] [2026-04-12T03:16:13.852Z] >>> [apiv2][query] GET https://cloudfunctions.googleapis.com/v2/projects/projectmate-485110/locations/us-central1/operations/operation-1775963709764-64f3ac60df3eb-37332990-485fdf79 [none]
[debug] [2026-04-12T03:16:14.321Z] [update-default-us-central1-generateSectionStream] Retrying task index 0
[debug] [2026-04-12T03:16:14.367Z] Checked if tokens are valid: true, expires at: 1775966200663
[debug] [2026-04-12T03:16:14.504Z] Checked if tokens are valid: true, expires at: 1775966200663
[debug] [2026-04-12T03:16:14.671Z] >>> [apiv2][query] GET https://cloudfunctions.googleapis.com/v2/projects/projectmate-485110/locations/us-central1/operations/operation-1775963767341-64f3ac97c8135-6049935c-031a0217 [none]
[debug] [2026-04-12T03:16:14.784Z] [update-default-us-central1-generateTopics] Retrying task index 0
[debug] [2026-04-12T03:16:14.864Z] Checked if tokens are valid: true, expires at: 1775966200663
[debug] [2026-04-12T03:16:14.935Z] Checked if tokens are valid: true, expires at: 1775966200663
[debug] [2026-04-12T03:16:14.939Z] >>> [apiv2][query] GET https://cloudfunctions.googleapis.com/v2/projects/projectmate-485110/locations/us-central1/operations/operation-1775963766654-64f3ac9720725-e8468a7c-ec77a1b3 [none]
[debug] [2026-04-12T03:16:14.953Z] [update-default-us-central1-elaborateStream] Retrying task index 0
[debug] [2026-04-12T03:16:14.963Z] Checked if tokens are valid: true, expires at: 1775966200663
[debug] [2026-04-12T03:16:14.970Z] Checked if tokens are valid: true, expires at: 1775966200663
[debug] [2026-04-12T03:16:15.020Z] >>> [apiv2][query] GET https://cloudfunctions.googleapis.com/v2/projects/projectmate-485110/locations/us-central1/operations/operation-1775963767311-64f3ac97c0e05-c91a5066-6fc597ca [none]
[debug] [2026-04-12T03:16:15.157Z] [update-default-us-central1-generateChapterStream] Retrying task index 0
[debug] [2026-04-12T03:16:15.158Z] Checked if tokens are valid: true, expires at: 1775966200663
[debug] [2026-04-12T03:16:15.165Z] Checked if tokens are valid: true, expires at: 1775966200663
[debug] [2026-04-12T03:16:15.166Z] >>> [apiv2][query] GET https://cloudfunctions.googleapis.com/v2/projects/projectmate-485110/locations/us-central1/operations/operation-1775963767535-64f3ac97f767a-41e13fbc-668fb6cf [none]
[debug] [2026-04-12T03:16:15.167Z] [update-default-us-central1-generateOutline] Retrying task index 0
[debug] [2026-04-12T03:16:15.168Z] Checked if tokens are valid: true, expires at: 1775966200663
[debug] [2026-04-12T03:16:15.168Z] Checked if tokens are valid: true, expires at: 1775966200663
[debug] [2026-04-12T03:16:15.168Z] >>> [apiv2][query] GET https://cloudfunctions.googleapis.com/v2/projects/projectmate-485110/locations/us-central1/operations/operation-1775963767507-64f3ac97f0beb-12627e36-1428ceaa [none]
[debug] [2026-04-12T03:16:15.182Z] <<< [apiv2][status] GET https://cloudfunctions.googleapis.com/v2/projects/projectmate-485110/locations/us-central1/operations/operation-1775963767341-64f3ac97c8135-6049935c-031a0217 200
[debug] [2026-04-12T03:16:15.183Z] <<< [apiv2][body] GET https://cloudfunctions.googleapis.com/v2/projects/projectmate-485110/locations/us-central1/operations/operation-1775963767341-64f3ac97c8135-6049935c-031a0217 {"name":"projects/projectmate-485110/locations/us-central1/operations/operation-1775963767341-64f3ac97c8135-6049935c-031a0217","metadata":{"@type":"type.googleapis.com/google.cloud.functions.v2.OperationMetadata","createTime":"2026-04-12T03:16:08.117410843Z","endTime":"2026-04-12T03:16:15.824206242Z","target":"projects/projectmate-485110/locations/us-central1/functions/generateSectionStream","verb":"update","cancelRequested":false,"apiVersion":"v2","requestResource":{"@type":"type.googleapis.com/google.cloud.functions.v2.Function","name":"projects/projectmate-485110/locations/us-central1/functions/generateSectionStream","buildConfig":{"runtime":"nodejs20","entryPoint":"generateSectionStream","source":{"storageSource":{"bucket":"gcf-v2-sources-369127916461-us-central1","object":"generateSectionStream/function-source.zip","generation":"1775963768070176"}},"environmentVariables":{"GOOGLE_NODE_RUN_SCRIPTS":""},"dockerRepository":"projects/projectmate-485110/locations/us-central1/repositories/gcf-artifacts","sourceProvenance":{"resolvedStorageSource":{"bucket":"gcf-v2-sources-369127916461-us-central1","object":"generateSectionStream/function-source.zip","generation":"1775948931237070"}},"dockerRegistry":"ARTIFACT_REGISTRY","sourceToken":"Cldwcm9qZWN0cy8zNjkxMjc5MTY0NjEvbG9jYXRpb25zL3VzLWNlbnRyYWwxL2J1aWxkcy9jOTUwZWVjZC1hZmU2LTQxYjctODdhNy02ZTdlNGJiZDI5ODkSeXVzLWNlbnRyYWwxLWRvY2tlci5wa2cuZGV2L3Byb2plY3RtYXRlLTQ4NTExMC9nY2YtYXJ0aWZhY3RzL3Byb2plY3RtYXRlLS00ODUxMTBfX3VzLS1jZW50cmFsMV9fcGF5c3RhY2tfd2ViaG9vazp2ZXJzaW9uXzEYrYf0jd8KIktwcm9qZWN0cy9wcm9qZWN0bWF0ZS00ODUxMTAvbG9jYXRpb25zL3VzLWNlbnRyYWwxL2Z1bmN0aW9ucy9wYXlzdGFja1dlYmhvb2sqCwjrnOzOBhCwmOJKMghub2RlanMyMDp2CiNnY3IuaW8vZ2FlLXJ1bnRpbWVzL25vZGVqczIwOnN0YWJsZRJPdXMtY2VudHJhbDEtZG9ja2VyLnBrZy5kZXYvc2VydmVybGVzcy1ydW50aW1lcy9nb29nbGUtMjItZnVsbC9ydW50aW1lcy9ub2RlanMyMEAB","serviceAccount":"projects/projectmate-485110/serviceAccounts/369127916461-compute@developer.gserviceaccount.com","automaticUpdatePolicy":{}},"serviceConfig":{"service":"projects/projectmate-485110/locations/us-central1/services/generatesectionstream","timeoutSeconds":60,"environmentVariables":{"FIREBASE_CONFIG":"{\"projectId\":\"projectmate-485110\",\"storageBucket\":\"projectmate-485110.firebasestorage.app\"}","GCLOUD_PROJECT":"projectmate-485110","EVENTARC_CLOUD_EVENT_SOURCE":"projects/projectmate-485110/locations/us-central1/services/generateSectionStream","FUNCTION_TARGET":"generateSectionStream","LOG_EXECUTION_ID":"true","FUNCTION_SIGNATURE_TYPE":"http"},"ingressSettings":"ALLOW_ALL","uri":"https://generatesectionstream-7e24pliqpa-uc.a.run.app","serviceAccountEmail":"369127916461-compute@developer.gserviceaccount.com","availableMemory":"256Mi","allTrafficOnLatestRevision":true,"secretEnvironmentVariables":[{"key":"GEMINI_API_KEY","projectId":"projectmate-485110","secret":"GEMINI_API_KEY","version":"3"}],"revision":"generatesectionstream-00012-zox","maxInstanceRequestConcurrency":80,"availableCpu":"1"},"state":"ACTIVE","labels":{"deployment-tool":"cli-firebase","firebase-functions-hash":"a09b89b8a4e3da9631cd1eed21295e125b69dba2"},"environment":"GEN_2","url":"https://us-central1-projectmate-485110.cloudfunctions.net/generateSectionStream","satisfiesPzi":true},"stages":[{"name":"BUILD","message":"Reusing build","state":"COMPLETE","resource":"projects/369127916461/locations/us-central1/builds/c950eecd-afe6-41b7-87a7-6e7e4bbd2989","stateMessages":[{"severity":"WARNING","type":"BuildAnalysisWarning","message":"Node.js 20 is no longer supported by the Node.js community as of 30 April, 2026. Node.js 20 will be deprecated on 2026-04-30. We recommend you to upgrade to the latest version of Node.js as soon as possible."}]},{"name":"SERVICE","message":"Updating Cloud Run service","state":"COMPLETE","resource":"projects/projectmate-485110/locations/us-central1/services/generatesectionstream","resourceUri":"https://console.cloud.google.com/run/detail/us-central1/generatesectionstream?project=projectmate-485110","stateMessages":[{"severity":"INFO","type":"CloudRunServiceNewRevisionTrafficInfo","message":"A new revision will be deployed serving with 100% traffic."}]}],"sourceToken":"Cldwcm9qZWN0cy8zNjkxMjc5MTY0NjEvbG9jYXRpb25zL3VzLWNlbnRyYWwxL2J1aWxkcy9jOTUwZWVjZC1hZmU2LTQxYjctODdhNy02ZTdlNGJiZDI5ODkSeXVzLWNlbnRyYWwxLWRvY2tlci5wa2cuZGV2L3Byb2plY3RtYXRlLTQ4NTExMC9nY2YtYXJ0aWZhY3RzL3Byb2plY3RtYXRlLS00ODUxMTBfX3VzLS1jZW50cmFsMV9fcGF5c3RhY2tfd2ViaG9vazp2ZXJzaW9uXzEYrYf0jd8KIktwcm9qZWN0cy9wcm9qZWN0bWF0ZS00ODUxMTAvbG9jYXRpb25zL3VzLWNlbnRyYWwxL2Z1bmN0aW9ucy9wYXlzdGFja1dlYmhvb2sqCwjrnOzOBhCwmOJKMghub2RlanMyMDp2CiNnY3IuaW8vZ2FlLXJ1bnRpbWVzL25vZGVqczIwOnN0YWJsZRJPdXMtY2VudHJhbDEtZG9ja2VyLnBrZy5kZXYvc2VydmVybGVzcy1ydW50aW1lcy9nb29nbGUtMjItZnVsbC9ydW50aW1lcy9ub2RlanMyMEAB","operationType":"UPDATE_FUNCTION","buildName":"projects/369127916461/locations/us-central1/builds/c950eecd-afe6-41b7-87a7-6e7e4bbd2989"},"done":true,"response":{"@type":"type.googleapis.com/google.cloud.functions.v2.Function","name":"projects/projectmate-485110/locations/us-central1/functions/generateSectionStream","buildConfig":{"build":"projects/369127916461/locations/us-central1/builds/c950eecd-afe6-41b7-87a7-6e7e4bbd2989","runtime":"nodejs20","entryPoint":"generateSectionStream","source":{"storageSource":{"bucket":"gcf-v2-sources-369127916461-us-central1","object":"generateSectionStream/function-source.zip","generation":"1775963768070176"}},"environmentVariables":{"GOOGLE_NODE_RUN_SCRIPTS":""},"dockerRepository":"projects/projectmate-485110/locations/us-central1/repositories/gcf-artifacts","sourceProvenance":{"resolvedStorageSource":{"bucket":"gcf-v2-sources-369127916461-us-central1","object":"generateSectionStream/function-source.zip","generation":"1775963768070176"}},"dockerRegistry":"ARTIFACT_REGISTRY","serviceAccount":"projects/projectmate-485110/serviceAccounts/369127916461-compute@developer.gserviceaccount.com","automaticUpdatePolicy":{}},"serviceConfig":{"service":"projects/projectmate-485110/locations/us-central1/services/generatesectionstream","timeoutSeconds":60,"environmentVariables":{"FIREBASE_CONFIG":"{\"projectId\":\"projectmate-485110\",\"storageBucket\":\"projectmate-485110.firebasestorage.app\"}","GCLOUD_PROJECT":"projectmate-485110","EVENTARC_CLOUD_EVENT_SOURCE":"projects/projectmate-485110/locations/us-central1/services/generateSectionStream","FUNCTION_TARGET":"generateSectionStream","LOG_EXECUTION_ID":"true","FUNCTION_SIGNATURE_TYPE":"http"},"maxInstanceCount":3,"ingressSettings":"ALLOW_ALL","uri":"https://generatesectionstream-7e24pliqpa-uc.a.run.app","serviceAccountEmail":"369127916461-compute@developer.gserviceaccount.com","availableMemory":"256Mi","allTrafficOnLatestRevision":true,"secretEnvironmentVariables":[{"key":"GEMINI_API_KEY","projectId":"projectmate-485110","secret":"GEMINI_API_KEY","version":"3"}],"revision":"generatesectionstream-00013-rux","maxInstanceRequestConcurrency":80,"availableCpu":"1"},"state":"ACTIVE","updateTime":"2026-04-12T03:16:08.119045292Z","labels":{"firebase-functions-hash":"a09b89b8a4e3da9631cd1eed21295e125b69dba2","deployment-tool":"cli-firebase"},"environment":"GEN_2","url":"https://us-central1-projectmate-485110.cloudfunctions.net/generateSectionStream","createTime":"2026-04-11T09:26:31.263376880Z","satisfiesPzi":true}}
[debug] [2026-04-12T03:16:15.303Z] Got source token Cldwcm9qZWN0cy8zNjkxMjc5MTY0NjEvbG9jYXRpb25zL3VzLWNlbnRyYWwxL2J1aWxkcy9jOTUwZWVjZC1hZmU2LTQxYjctODdhNy02ZTdlNGJiZDI5ODkSeXVzLWNlbnRyYWwxLWRvY2tlci5wa2cuZGV2L3Byb2plY3RtYXRlLTQ4NTExMC9nY2YtYXJ0aWZhY3RzL3Byb2plY3RtYXRlLS00ODUxMTBfX3VzLS1jZW50cmFsMV9fcGF5c3RhY2tfd2ViaG9vazp2ZXJzaW9uXzEYrYf0jd8KIktwcm9qZWN0cy9wcm9qZWN0bWF0ZS00ODUxMTAvbG9jYXRpb25zL3VzLWNlbnRyYWwxL2Z1bmN0aW9ucy9wYXlzdGFja1dlYmhvb2sqCwjrnOzOBhCwmOJKMghub2RlanMyMDp2CiNnY3IuaW8vZ2FlLXJ1bnRpbWVzL25vZGVqczIwOnN0YWJsZRJPdXMtY2VudHJhbDEtZG9ja2VyLnBrZy5kZXYvc2VydmVybGVzcy1ydW50aW1lcy9nb29nbGUtMjItZnVsbC9ydW50aW1lcy9ub2RlanMyMEAB for region us-central1
[info] +  functions[generateSectionStream(us-central1)] Successful update operation. 
[debug] [2026-04-12T03:16:15.433Z] <<< [apiv2][status] GET https://cloudfunctions.googleapis.com/v2/projects/projectmate-485110/locations/us-central1/operations/operation-1775963709764-64f3ac60df3eb-37332990-485fdf79 200
[debug] [2026-04-12T03:16:15.501Z] <<< [apiv2][body] GET https://cloudfunctions.googleapis.com/v2/projects/projectmate-485110/locations/us-central1/operations/operation-1775963709764-64f3ac60df3eb-37332990-485fdf79 {"name":"projects/projectmate-485110/locations/us-central1/operations/operation-1775963709764-64f3ac60df3eb-37332990-485fdf79","metadata":{"@type":"type.googleapis.com/google.cloud.functions.v2.OperationMetadata","createTime":"2026-04-12T03:15:10.738115863Z","target":"projects/projectmate-485110/locations/us-central1/functions/paystackWebhook","verb":"update","cancelRequested":false,"apiVersion":"v2","requestResource":{"@type":"type.googleapis.com/google.cloud.functions.v2.Function","name":"projects/projectmate-485110/locations/us-central1/functions/paystackWebhook","buildConfig":{"runtime":"nodejs20","entryPoint":"paystackWebhook","source":{"storageSource":{"bucket":"gcf-v2-sources-369127916461-us-central1","object":"paystackWebhook/function-source.zip","generation":"1775963710632535"}},"environmentVariables":{"GOOGLE_NODE_RUN_SCRIPTS":""},"dockerRepository":"projects/projectmate-485110/locations/us-central1/repositories/gcf-artifacts","sourceProvenance":{"resolvedStorageSource":{"bucket":"gcf-v2-sources-369127916461-us-central1","object":"paystackWebhook/function-source.zip","generation":"1775948886933731"}},"dockerRegistry":"ARTIFACT_REGISTRY","serviceAccount":"projects/projectmate-485110/serviceAccounts/369127916461-compute@developer.gserviceaccount.com","automaticUpdatePolicy":{}},"serviceConfig":{"service":"projects/projectmate-485110/locations/us-central1/services/paystackwebhook","timeoutSeconds":60,"environmentVariables":{"FIREBASE_CONFIG":"{\"projectId\":\"projectmate-485110\",\"storageBucket\":\"projectmate-485110.firebasestorage.app\"}","GCLOUD_PROJECT":"projectmate-485110","EVENTARC_CLOUD_EVENT_SOURCE":"projects/projectmate-485110/locations/us-central1/services/paystackWebhook","FUNCTION_TARGET":"paystackWebhook","LOG_EXECUTION_ID":"true"},"ingressSettings":"ALLOW_ALL","uri":"https://paystackwebhook-7e24pliqpa-uc.a.run.app","serviceAccountEmail":"369127916461-compute@developer.gserviceaccount.com","availableMemory":"256Mi","allTrafficOnLatestRevision":true,"secretEnvironmentVariables":[{"key":"PAYSTACK_SECRET_KEY","projectId":"projectmate-485110","secret":"PAYSTACK_SECRET_KEY","version":"2"}],"revision":"paystackwebhook-00005-yem","maxInstanceRequestConcurrency":80,"availableCpu":"1"},"state":"ACTIVE","labels":{"deployment-tool":"cli-firebase","firebase-functions-hash":"82dbe9dec978ac680a76a7c2e4533619edaf9c8c"},"environment":"GEN_2","url":"https://us-central1-projectmate-485110.cloudfunctions.net/paystackWebhook","satisfiesPzi":true},"stages":[{"name":"BUILD","message":"Build finished","state":"COMPLETE","resource":"projects/369127916461/locations/us-central1/builds/c950eecd-afe6-41b7-87a7-6e7e4bbd2989","resourceUri":"https://console.cloud.google.com/cloud-build/builds;region=us-central1/c950eecd-afe6-41b7-87a7-6e7e4bbd2989?project=369127916461"},{"name":"SERVICE","message":"Updating Cloud Run service","state":"IN_PROGRESS","resource":"projects/projectmate-485110/locations/us-central1/services/paystackwebhook","resourceUri":"https://console.cloud.google.com/run/detail/us-central1/paystackwebhook?project=projectmate-485110","stateMessages":[{"severity":"INFO","type":"CloudRunServiceNewRevisionTrafficInfo","message":"A new revision will be deployed serving with 100% traffic."}]}],"sourceToken":"Cldwcm9qZWN0cy8zNjkxMjc5MTY0NjEvbG9jYXRpb25zL3VzLWNlbnRyYWwxL2J1aWxkcy9jOTUwZWVjZC1hZmU2LTQxYjctODdhNy02ZTdlNGJiZDI5ODkSeXVzLWNlbnRyYWwxLWRvY2tlci5wa2cuZGV2L3Byb2plY3RtYXRlLTQ4NTExMC9nY2YtYXJ0aWZhY3RzL3Byb2plY3RtYXRlLS00ODUxMTBfX3VzLS1jZW50cmFsMV9fcGF5c3RhY2tfd2ViaG9vazp2ZXJzaW9uXzEYrYf0jd8KIktwcm9qZWN0cy9wcm9qZWN0bWF0ZS00ODUxMTAvbG9jYXRpb25zL3VzLWNlbnRyYWwxL2Z1bmN0aW9ucy9wYXlzdGFja1dlYmhvb2sqCwjrnOzOBhCwmOJKMghub2RlanMyMDp2CiNnY3IuaW8vZ2FlLXJ1bnRpbWVzL25vZGVqczIwOnN0YWJsZRJPdXMtY2VudHJhbDEtZG9ja2VyLnBrZy5kZXYvc2VydmVybGVzcy1ydW50aW1lcy9nb29nbGUtMjItZnVsbC9ydW50aW1lcy9ub2RlanMyMEAB","operationType":"UPDATE_FUNCTION","buildName":"projects/369127916461/locations/us-central1/builds/c950eecd-afe6-41b7-87a7-6e7e4bbd2989"},"done":false}
[debug] [2026-04-12T03:16:15.505Z] Got source token Cldwcm9qZWN0cy8zNjkxMjc5MTY0NjEvbG9jYXRpb25zL3VzLWNlbnRyYWwxL2J1aWxkcy9jOTUwZWVjZC1hZmU2LTQxYjctODdhNy02ZTdlNGJiZDI5ODkSeXVzLWNlbnRyYWwxLWRvY2tlci5wa2cuZGV2L3Byb2plY3RtYXRlLTQ4NTExMC9nY2YtYXJ0aWZhY3RzL3Byb2plY3RtYXRlLS00ODUxMTBfX3VzLS1jZW50cmFsMV9fcGF5c3RhY2tfd2ViaG9vazp2ZXJzaW9uXzEYrYf0jd8KIktwcm9qZWN0cy9wcm9qZWN0bWF0ZS00ODUxMTAvbG9jYXRpb25zL3VzLWNlbnRyYWwxL2Z1bmN0aW9ucy9wYXlzdGFja1dlYmhvb2sqCwjrnOzOBhCwmOJKMghub2RlanMyMDp2CiNnY3IuaW8vZ2FlLXJ1bnRpbWVzL25vZGVqczIwOnN0YWJsZRJPdXMtY2VudHJhbDEtZG9ja2VyLnBrZy5kZXYvc2VydmVybGVzcy1ydW50aW1lcy9nb29nbGUtMjItZnVsbC9ydW50aW1lcy9ub2RlanMyMEAB for region us-central1
[debug] [2026-04-12T03:16:15.922Z] <<< [apiv2][status] GET https://cloudfunctions.googleapis.com/v2/projects/projectmate-485110/locations/us-central1/operations/operation-1775963767535-64f3ac97f767a-41e13fbc-668fb6cf 200
[debug] [2026-04-12T03:16:16.088Z] <<< [apiv2][body] GET https://cloudfunctions.googleapis.com/v2/projects/projectmate-485110/locations/us-central1/operations/operation-1775963767535-64f3ac97f767a-41e13fbc-668fb6cf {"name":"projects/projectmate-485110/locations/us-central1/operations/operation-1775963767535-64f3ac97f767a-41e13fbc-668fb6cf","metadata":{"@type":"type.googleapis.com/google.cloud.functions.v2.OperationMetadata","createTime":"2026-04-12T03:16:08.349931342Z","endTime":"2026-04-12T03:16:16.564424174Z","target":"projects/projectmate-485110/locations/us-central1/functions/generateChapterStream","verb":"update","cancelRequested":false,"apiVersion":"v2","requestResource":{"@type":"type.googleapis.com/google.cloud.functions.v2.Function","name":"projects/projectmate-485110/locations/us-central1/functions/generateChapterStream","buildConfig":{"runtime":"nodejs20","entryPoint":"generateChapterStream","source":{"storageSource":{"bucket":"gcf-v2-sources-369127916461-us-central1","object":"generateChapterStream/function-source.zip","generation":"1775963768302524"}},"environmentVariables":{"GOOGLE_NODE_RUN_SCRIPTS":""},"dockerRepository":"projects/projectmate-485110/locations/us-central1/repositories/gcf-artifacts","sourceProvenance":{"resolvedStorageSource":{"bucket":"gcf-v2-sources-369127916461-us-central1","object":"generateChapterStream/function-source.zip","generation":"1775948931245841"}},"dockerRegistry":"ARTIFACT_REGISTRY","sourceToken":"Cldwcm9qZWN0cy8zNjkxMjc5MTY0NjEvbG9jYXRpb25zL3VzLWNlbnRyYWwxL2J1aWxkcy9jOTUwZWVjZC1hZmU2LTQxYjctODdhNy02ZTdlNGJiZDI5ODkSeXVzLWNlbnRyYWwxLWRvY2tlci5wa2cuZGV2L3Byb2plY3RtYXRlLTQ4NTExMC9nY2YtYXJ0aWZhY3RzL3Byb2plY3RtYXRlLS00ODUxMTBfX3VzLS1jZW50cmFsMV9fcGF5c3RhY2tfd2ViaG9vazp2ZXJzaW9uXzEYrYf0jd8KIktwcm9qZWN0cy9wcm9qZWN0bWF0ZS00ODUxMTAvbG9jYXRpb25zL3VzLWNlbnRyYWwxL2Z1bmN0aW9ucy9wYXlzdGFja1dlYmhvb2sqCwjrnOzOBhCwmOJKMghub2RlanMyMDp2CiNnY3IuaW8vZ2FlLXJ1bnRpbWVzL25vZGVqczIwOnN0YWJsZRJPdXMtY2VudHJhbDEtZG9ja2VyLnBrZy5kZXYvc2VydmVybGVzcy1ydW50aW1lcy9nb29nbGUtMjItZnVsbC9ydW50aW1lcy9ub2RlanMyMEAB","serviceAccount":"projects/projectmate-485110/serviceAccounts/369127916461-compute@developer.gserviceaccount.com","automaticUpdatePolicy":{}},"serviceConfig":{"service":"projects/projectmate-485110/locations/us-central1/services/generatechapterstream","timeoutSeconds":60,"environmentVariables":{"FIREBASE_CONFIG":"{\"projectId\":\"projectmate-485110\",\"storageBucket\":\"projectmate-485110.firebasestorage.app\"}","GCLOUD_PROJECT":"projectmate-485110","EVENTARC_CLOUD_EVENT_SOURCE":"projects/projectmate-485110/locations/us-central1/services/generateChapterStream","FUNCTION_TARGET":"generateChapterStream","LOG_EXECUTION_ID":"true","FUNCTION_SIGNATURE_TYPE":"http"},"ingressSettings":"ALLOW_ALL","uri":"https://generatechapterstream-7e24pliqpa-uc.a.run.app","serviceAccountEmail":"369127916461-compute@developer.gserviceaccount.com","availableMemory":"256Mi","allTrafficOnLatestRevision":true,"secretEnvironmentVariables":[{"key":"GEMINI_API_KEY","projectId":"projectmate-485110","secret":"GEMINI_API_KEY","version":"3"}],"revision":"generatechapterstream-00013-qav","maxInstanceRequestConcurrency":80,"availableCpu":"1"},"state":"ACTIVE","labels":{"deployment-tool":"cli-firebase","firebase-functions-hash":"a09b89b8a4e3da9631cd1eed21295e125b69dba2"},"environment":"GEN_2","url":"https://us-central1-projectmate-485110.cloudfunctions.net/generateChapterStream","satisfiesPzi":true},"stages":[{"name":"BUILD","message":"Reusing build","state":"COMPLETE","resource":"projects/369127916461/locations/us-central1/builds/c950eecd-afe6-41b7-87a7-6e7e4bbd2989","stateMessages":[{"severity":"WARNING","type":"BuildAnalysisWarning","message":"Node.js 20 is no longer supported by the Node.js community as of 30 April, 2026. Node.js 20 will be deprecated on 2026-04-30. We recommend you to upgrade to the latest version of Node.js as soon as possible."}]},{"name":"SERVICE","message":"Updating Cloud Run service","state":"COMPLETE","resource":"projects/projectmate-485110/locations/us-central1/services/generatechapterstream","resourceUri":"https://console.cloud.google.com/run/detail/us-central1/generatechapterstream?project=projectmate-485110","stateMessages":[{"severity":"INFO","type":"CloudRunServiceNewRevisionTrafficInfo","message":"A new revision will be deployed serving with 100% traffic."}]}],"sourceToken":"Cldwcm9qZWN0cy8zNjkxMjc5MTY0NjEvbG9jYXRpb25zL3VzLWNlbnRyYWwxL2J1aWxkcy9jOTUwZWVjZC1hZmU2LTQxYjctODdhNy02ZTdlNGJiZDI5ODkSeXVzLWNlbnRyYWwxLWRvY2tlci5wa2cuZGV2L3Byb2plY3RtYXRlLTQ4NTExMC9nY2YtYXJ0aWZhY3RzL3Byb2plY3RtYXRlLS00ODUxMTBfX3VzLS1jZW50cmFsMV9fcGF5c3RhY2tfd2ViaG9vazp2ZXJzaW9uXzEYrYf0jd8KIktwcm9qZWN0cy9wcm9qZWN0bWF0ZS00ODUxMTAvbG9jYXRpb25zL3VzLWNlbnRyYWwxL2Z1bmN0aW9ucy9wYXlzdGFja1dlYmhvb2sqCwjrnOzOBhCwmOJKMghub2RlanMyMDp2CiNnY3IuaW8vZ2FlLXJ1bnRpbWVzL25vZGVqczIwOnN0YWJsZRJPdXMtY2VudHJhbDEtZG9ja2VyLnBrZy5kZXYvc2VydmVybGVzcy1ydW50aW1lcy9nb29nbGUtMjItZnVsbC9ydW50aW1lcy9ub2RlanMyMEAB","operationType":"UPDATE_FUNCTION","buildName":"projects/369127916461/locations/us-central1/builds/c950eecd-afe6-41b7-87a7-6e7e4bbd2989"},"done":true,"response":{"@type":"type.googleapis.com/google.cloud.functions.v2.Function","name":"projects/projectmate-485110/locations/us-central1/functions/generateChapterStream","buildConfig":{"build":"projects/369127916461/locations/us-central1/builds/c950eecd-afe6-41b7-87a7-6e7e4bbd2989","runtime":"nodejs20","entryPoint":"generateChapterStream","source":{"storageSource":{"bucket":"gcf-v2-sources-369127916461-us-central1","object":"generateChapterStream/function-source.zip","generation":"1775963768302524"}},"environmentVariables":{"GOOGLE_NODE_RUN_SCRIPTS":""},"dockerRepository":"projects/projectmate-485110/locations/us-central1/repositories/gcf-artifacts","sourceProvenance":{"resolvedStorageSource":{"bucket":"gcf-v2-sources-369127916461-us-central1","object":"generateChapterStream/function-source.zip","generation":"1775963768302524"}},"dockerRegistry":"ARTIFACT_REGISTRY","serviceAccount":"projects/projectmate-485110/serviceAccounts/369127916461-compute@developer.gserviceaccount.com","automaticUpdatePolicy":{}},"serviceConfig":{"service":"projects/projectmate-485110/locations/us-central1/services/generatechapterstream","timeoutSeconds":60,"environmentVariables":{"FIREBASE_CONFIG":"{\"projectId\":\"projectmate-485110\",\"storageBucket\":\"projectmate-485110.firebasestorage.app\"}","GCLOUD_PROJECT":"projectmate-485110","EVENTARC_CLOUD_EVENT_SOURCE":"projects/projectmate-485110/locations/us-central1/services/generateChapterStream","FUNCTION_TARGET":"generateChapterStream","LOG_EXECUTION_ID":"true","FUNCTION_SIGNATURE_TYPE":"http"},"maxInstanceCount":3,"ingressSettings":"ALLOW_ALL","uri":"https://generatechapterstream-7e24pliqpa-uc.a.run.app","serviceAccountEmail":"369127916461-compute@developer.gserviceaccount.com","availableMemory":"256Mi","allTrafficOnLatestRevision":true,"secretEnvironmentVariables":[{"key":"GEMINI_API_KEY","projectId":"projectmate-485110","secret":"GEMINI_API_KEY","version":"3"}],"revision":"generatechapterstream-00014-yoy","maxInstanceRequestConcurrency":80,"availableCpu":"1"},"state":"ACTIVE","updateTime":"2026-04-12T03:16:08.351761012Z","labels":{"firebase-functions-hash":"a09b89b8a4e3da9631cd1eed21295e125b69dba2","deployment-tool":"cli-firebase"},"environment":"GEN_2","url":"https://us-central1-projectmate-485110.cloudfunctions.net/generateChapterStream","createTime":"2026-04-10T21:05:14.060121878Z","satisfiesPzi":true}}
[debug] [2026-04-12T03:16:16.099Z] Got source token Cldwcm9qZWN0cy8zNjkxMjc5MTY0NjEvbG9jYXRpb25zL3VzLWNlbnRyYWwxL2J1aWxkcy9jOTUwZWVjZC1hZmU2LTQxYjctODdhNy02ZTdlNGJiZDI5ODkSeXVzLWNlbnRyYWwxLWRvY2tlci5wa2cuZGV2L3Byb2plY3RtYXRlLTQ4NTExMC9nY2YtYXJ0aWZhY3RzL3Byb2plY3RtYXRlLS00ODUxMTBfX3VzLS1jZW50cmFsMV9fcGF5c3RhY2tfd2ViaG9vazp2ZXJzaW9uXzEYrYf0jd8KIktwcm9qZWN0cy9wcm9qZWN0bWF0ZS00ODUxMTAvbG9jYXRpb25zL3VzLWNlbnRyYWwxL2Z1bmN0aW9ucy9wYXlzdGFja1dlYmhvb2sqCwjrnOzOBhCwmOJKMghub2RlanMyMDp2CiNnY3IuaW8vZ2FlLXJ1bnRpbWVzL25vZGVqczIwOnN0YWJsZRJPdXMtY2VudHJhbDEtZG9ja2VyLnBrZy5kZXYvc2VydmVybGVzcy1ydW50aW1lcy9nb29nbGUtMjItZnVsbC9ydW50aW1lcy9ub2RlanMyMEAB for region us-central1
[info] +  functions[generateChapterStream(us-central1)] Successful update operation. 
[debug] [2026-04-12T03:16:16.111Z] <<< [apiv2][status] GET https://cloudfunctions.googleapis.com/v2/projects/projectmate-485110/locations/us-central1/operations/operation-1775963767311-64f3ac97c0e05-c91a5066-6fc597ca 200
[debug] [2026-04-12T03:16:16.114Z] <<< [apiv2][body] GET https://cloudfunctions.googleapis.com/v2/projects/projectmate-485110/locations/us-central1/operations/operation-1775963767311-64f3ac97c0e05-c91a5066-6fc597ca {"name":"projects/projectmate-485110/locations/us-central1/operations/operation-1775963767311-64f3ac97c0e05-c91a5066-6fc597ca","metadata":{"@type":"type.googleapis.com/google.cloud.functions.v2.OperationMetadata","createTime":"2026-04-12T03:16:08.197422641Z","endTime":"2026-04-12T03:16:15.824522658Z","target":"projects/projectmate-485110/locations/us-central1/functions/elaborateStream","verb":"update","cancelRequested":false,"apiVersion":"v2","requestResource":{"@type":"type.googleapis.com/google.cloud.functions.v2.Function","name":"projects/projectmate-485110/locations/us-central1/functions/elaborateStream","buildConfig":{"runtime":"nodejs20","entryPoint":"elaborateStream","source":{"storageSource":{"bucket":"gcf-v2-sources-369127916461-us-central1","object":"elaborateStream/function-source.zip","generation":"1775963768156238"}},"environmentVariables":{"GOOGLE_NODE_RUN_SCRIPTS":""},"dockerRepository":"projects/projectmate-485110/locations/us-central1/repositories/gcf-artifacts","sourceProvenance":{"resolvedStorageSource":{"bucket":"gcf-v2-sources-369127916461-us-central1","object":"elaborateStream/function-source.zip","generation":"1775948931386201"}},"dockerRegistry":"ARTIFACT_REGISTRY","sourceToken":"Cldwcm9qZWN0cy8zNjkxMjc5MTY0NjEvbG9jYXRpb25zL3VzLWNlbnRyYWwxL2J1aWxkcy9jOTUwZWVjZC1hZmU2LTQxYjctODdhNy02ZTdlNGJiZDI5ODkSeXVzLWNlbnRyYWwxLWRvY2tlci5wa2cuZGV2L3Byb2plY3RtYXRlLTQ4NTExMC9nY2YtYXJ0aWZhY3RzL3Byb2plY3RtYXRlLS00ODUxMTBfX3VzLS1jZW50cmFsMV9fcGF5c3RhY2tfd2ViaG9vazp2ZXJzaW9uXzEYrYf0jd8KIktwcm9qZWN0cy9wcm9qZWN0bWF0ZS00ODUxMTAvbG9jYXRpb25zL3VzLWNlbnRyYWwxL2Z1bmN0aW9ucy9wYXlzdGFja1dlYmhvb2sqCwjrnOzOBhCwmOJKMghub2RlanMyMDp2CiNnY3IuaW8vZ2FlLXJ1bnRpbWVzL25vZGVqczIwOnN0YWJsZRJPdXMtY2VudHJhbDEtZG9ja2VyLnBrZy5kZXYvc2VydmVybGVzcy1ydW50aW1lcy9nb29nbGUtMjItZnVsbC9ydW50aW1lcy9ub2RlanMyMEAB","serviceAccount":"projects/projectmate-485110/serviceAccounts/369127916461-compute@developer.gserviceaccount.com","automaticUpdatePolicy":{}},"serviceConfig":{"service":"projects/projectmate-485110/locations/us-central1/services/elaboratestream","timeoutSeconds":60,"environmentVariables":{"FIREBASE_CONFIG":"{\"projectId\":\"projectmate-485110\",\"storageBucket\":\"projectmate-485110.firebasestorage.app\"}","GCLOUD_PROJECT":"projectmate-485110","EVENTARC_CLOUD_EVENT_SOURCE":"projects/projectmate-485110/locations/us-central1/services/elaborateStream","FUNCTION_TARGET":"elaborateStream","LOG_EXECUTION_ID":"true","FUNCTION_SIGNATURE_TYPE":"http"},"ingressSettings":"ALLOW_ALL","uri":"https://elaboratestream-7e24pliqpa-uc.a.run.app","serviceAccountEmail":"369127916461-compute@developer.gserviceaccount.com","availableMemory":"256Mi","allTrafficOnLatestRevision":true,"secretEnvironmentVariables":[{"key":"GEMINI_API_KEY","projectId":"projectmate-485110","secret":"GEMINI_API_KEY","version":"3"}],"revision":"elaboratestream-00012-mox","maxInstanceRequestConcurrency":80,"availableCpu":"1"},"state":"ACTIVE","labels":{"deployment-tool":"cli-firebase","firebase-functions-hash":"a09b89b8a4e3da9631cd1eed21295e125b69dba2"},"environment":"GEN_2","url":"https://us-central1-projectmate-485110.cloudfunctions.net/elaborateStream","satisfiesPzi":true},"stages":[{"name":"BUILD","message":"Reusing build","state":"COMPLETE","resource":"projects/369127916461/locations/us-central1/builds/c950eecd-afe6-41b7-87a7-6e7e4bbd2989","stateMessages":[{"severity":"WARNING","type":"BuildAnalysisWarning","message":"Node.js 20 is no longer supported by the Node.js community as of 30 April, 2026. Node.js 20 will be deprecated on 2026-04-30. We recommend you to upgrade to the latest version of Node.js as soon as possible."}]},{"name":"SERVICE","message":"Updating Cloud Run service","state":"COMPLETE","resource":"projects/projectmate-485110/locations/us-central1/services/elaboratestream","resourceUri":"https://console.cloud.google.com/run/detail/us-central1/elaboratestream?project=projectmate-485110","stateMessages":[{"severity":"INFO","type":"CloudRunServiceNewRevisionTrafficInfo","message":"A new revision will be deployed serving with 100% traffic."}]}],"sourceToken":"Cldwcm9qZWN0cy8zNjkxMjc5MTY0NjEvbG9jYXRpb25zL3VzLWNlbnRyYWwxL2J1aWxkcy9jOTUwZWVjZC1hZmU2LTQxYjctODdhNy02ZTdlNGJiZDI5ODkSeXVzLWNlbnRyYWwxLWRvY2tlci5wa2cuZGV2L3Byb2plY3RtYXRlLTQ4NTExMC9nY2YtYXJ0aWZhY3RzL3Byb2plY3RtYXRlLS00ODUxMTBfX3VzLS1jZW50cmFsMV9fcGF5c3RhY2tfd2ViaG9vazp2ZXJzaW9uXzEYrYf0jd8KIktwcm9qZWN0cy9wcm9qZWN0bWF0ZS00ODUxMTAvbG9jYXRpb25zL3VzLWNlbnRyYWwxL2Z1bmN0aW9ucy9wYXlzdGFja1dlYmhvb2sqCwjrnOzOBhCwmOJKMghub2RlanMyMDp2CiNnY3IuaW8vZ2FlLXJ1bnRpbWVzL25vZGVqczIwOnN0YWJsZRJPdXMtY2VudHJhbDEtZG9ja2VyLnBrZy5kZXYvc2VydmVybGVzcy1ydW50aW1lcy9nb29nbGUtMjItZnVsbC9ydW50aW1lcy9ub2RlanMyMEAB","operationType":"UPDATE_FUNCTION","buildName":"projects/369127916461/locations/us-central1/builds/c950eecd-afe6-41b7-87a7-6e7e4bbd2989"},"done":true,"response":{"@type":"type.googleapis.com/google.cloud.functions.v2.Function","name":"projects/projectmate-485110/locations/us-central1/functions/elaborateStream","buildConfig":{"build":"projects/369127916461/locations/us-central1/builds/c950eecd-afe6-41b7-87a7-6e7e4bbd2989","runtime":"nodejs20","entryPoint":"elaborateStream","source":{"storageSource":{"bucket":"gcf-v2-sources-369127916461-us-central1","object":"elaborateStream/function-source.zip","generation":"1775963768156238"}},"environmentVariables":{"GOOGLE_NODE_RUN_SCRIPTS":""},"dockerRepository":"projects/projectmate-485110/locations/us-central1/repositories/gcf-artifacts","sourceProvenance":{"resolvedStorageSource":{"bucket":"gcf-v2-sources-369127916461-us-central1","object":"elaborateStream/function-source.zip","generation":"1775963768156238"}},"dockerRegistry":"ARTIFACT_REGISTRY","serviceAccount":"projects/projectmate-485110/serviceAccounts/369127916461-compute@developer.gserviceaccount.com","automaticUpdatePolicy":{}},"serviceConfig":{"service":"projects/projectmate-485110/locations/us-central1/services/elaboratestream","timeoutSeconds":60,"environmentVariables":{"FIREBASE_CONFIG":"{\"projectId\":\"projectmate-485110\",\"storageBucket\":\"projectmate-485110.firebasestorage.app\"}","GCLOUD_PROJECT":"projectmate-485110","EVENTARC_CLOUD_EVENT_SOURCE":"projects/projectmate-485110/locations/us-central1/services/elaborateStream","FUNCTION_TARGET":"elaborateStream","LOG_EXECUTION_ID":"true","FUNCTION_SIGNATURE_TYPE":"http"},"maxInstanceCount":3,"ingressSettings":"ALLOW_ALL","uri":"https://elaboratestream-7e24pliqpa-uc.a.run.app","serviceAccountEmail":"369127916461-compute@developer.gserviceaccount.com","availableMemory":"256Mi","allTrafficOnLatestRevision":true,"secretEnvironmentVariables":[{"key":"GEMINI_API_KEY","projectId":"projectmate-485110","secret":"GEMINI_API_KEY","version":"3"}],"revision":"elaboratestream-00013-voq","maxInstanceRequestConcurrency":80,"availableCpu":"1"},"state":"ACTIVE","updateTime":"2026-04-12T03:16:08.198948734Z","labels":{"firebase-functions-hash":"a09b89b8a4e3da9631cd1eed21295e125b69dba2","deployment-tool":"cli-firebase"},"environment":"GEN_2","url":"https://us-central1-projectmate-485110.cloudfunctions.net/elaborateStream","createTime":"2026-04-11T09:27:23.582333369Z","satisfiesPzi":true}}
[debug] [2026-04-12T03:16:16.120Z] Got source token Cldwcm9qZWN0cy8zNjkxMjc5MTY0NjEvbG9jYXRpb25zL3VzLWNlbnRyYWwxL2J1aWxkcy9jOTUwZWVjZC1hZmU2LTQxYjctODdhNy02ZTdlNGJiZDI5ODkSeXVzLWNlbnRyYWwxLWRvY2tlci5wa2cuZGV2L3Byb2plY3RtYXRlLTQ4NTExMC9nY2YtYXJ0aWZhY3RzL3Byb2plY3RtYXRlLS00ODUxMTBfX3VzLS1jZW50cmFsMV9fcGF5c3RhY2tfd2ViaG9vazp2ZXJzaW9uXzEYrYf0jd8KIktwcm9qZWN0cy9wcm9qZWN0bWF0ZS00ODUxMTAvbG9jYXRpb25zL3VzLWNlbnRyYWwxL2Z1bmN0aW9ucy9wYXlzdGFja1dlYmhvb2sqCwjrnOzOBhCwmOJKMghub2RlanMyMDp2CiNnY3IuaW8vZ2FlLXJ1bnRpbWVzL25vZGVqczIwOnN0YWJsZRJPdXMtY2VudHJhbDEtZG9ja2VyLnBrZy5kZXYvc2VydmVybGVzcy1ydW50aW1lcy9nb29nbGUtMjItZnVsbC9ydW50aW1lcy9ub2RlanMyMEAB for region us-central1
[info] +  functions[elaborateStream(us-central1)] Successful update operation. 
[debug] [2026-04-12T03:16:16.129Z] <<< [apiv2][status] GET https://cloudfunctions.googleapis.com/v2/projects/projectmate-485110/locations/us-central1/operations/operation-1775963766654-64f3ac9720725-e8468a7c-ec77a1b3 200
[debug] [2026-04-12T03:16:16.130Z] <<< [apiv2][body] GET https://cloudfunctions.googleapis.com/v2/projects/projectmate-485110/locations/us-central1/operations/operation-1775963766654-64f3ac9720725-e8468a7c-ec77a1b3 {"name":"projects/projectmate-485110/locations/us-central1/operations/operation-1775963766654-64f3ac9720725-e8468a7c-ec77a1b3","metadata":{"@type":"type.googleapis.com/google.cloud.functions.v2.OperationMetadata","createTime":"2026-04-12T03:16:07.551853971Z","target":"projects/projectmate-485110/locations/us-central1/functions/generateTopics","verb":"update","cancelRequested":false,"apiVersion":"v2","requestResource":{"@type":"type.googleapis.com/google.cloud.functions.v2.Function","name":"projects/projectmate-485110/locations/us-central1/functions/generateTopics","buildConfig":{"runtime":"nodejs20","entryPoint":"generateTopics","source":{"storageSource":{"bucket":"gcf-v2-sources-369127916461-us-central1","object":"generateTopics/function-source.zip","generation":"1775963767489420"}},"environmentVariables":{"GOOGLE_NODE_RUN_SCRIPTS":""},"dockerRepository":"projects/projectmate-485110/locations/us-central1/repositories/gcf-artifacts","sourceProvenance":{"resolvedStorageSource":{"bucket":"gcf-v2-sources-369127916461-us-central1","object":"generateTopics/function-source.zip","generation":"1775948931032963"}},"dockerRegistry":"ARTIFACT_REGISTRY","sourceToken":"Cldwcm9qZWN0cy8zNjkxMjc5MTY0NjEvbG9jYXRpb25zL3VzLWNlbnRyYWwxL2J1aWxkcy9jOTUwZWVjZC1hZmU2LTQxYjctODdhNy02ZTdlNGJiZDI5ODkSeXVzLWNlbnRyYWwxLWRvY2tlci5wa2cuZGV2L3Byb2plY3RtYXRlLTQ4NTExMC9nY2YtYXJ0aWZhY3RzL3Byb2plY3RtYXRlLS00ODUxMTBfX3VzLS1jZW50cmFsMV9fcGF5c3RhY2tfd2ViaG9vazp2ZXJzaW9uXzEYrYf0jd8KIktwcm9qZWN0cy9wcm9qZWN0bWF0ZS00ODUxMTAvbG9jYXRpb25zL3VzLWNlbnRyYWwxL2Z1bmN0aW9ucy9wYXlzdGFja1dlYmhvb2sqCwjrnOzOBhCwmOJKMghub2RlanMyMDp2CiNnY3IuaW8vZ2FlLXJ1bnRpbWVzL25vZGVqczIwOnN0YWJsZRJPdXMtY2VudHJhbDEtZG9ja2VyLnBrZy5kZXYvc2VydmVybGVzcy1ydW50aW1lcy9nb29nbGUtMjItZnVsbC9ydW50aW1lcy9ub2RlanMyMEAB","serviceAccount":"projects/projectmate-485110/serviceAccounts/369127916461-compute@developer.gserviceaccount.com","automaticUpdatePolicy":{}},"serviceConfig":{"service":"projects/projectmate-485110/locations/us-central1/services/generatetopics","timeoutSeconds":60,"environmentVariables":{"FIREBASE_CONFIG":"{\"projectId\":\"projectmate-485110\",\"storageBucket\":\"projectmate-485110.firebasestorage.app\"}","GCLOUD_PROJECT":"projectmate-485110","EVENTARC_CLOUD_EVENT_SOURCE":"projects/projectmate-485110/locations/us-central1/services/generateTopics","FUNCTION_TARGET":"generateTopics","LOG_EXECUTION_ID":"true","FUNCTION_SIGNATURE_TYPE":"http"},"ingressSettings":"ALLOW_ALL","uri":"https://generatetopics-7e24pliqpa-uc.a.run.app","serviceAccountEmail":"369127916461-compute@developer.gserviceaccount.com","availableMemory":"256Mi","allTrafficOnLatestRevision":true,"secretEnvironmentVariables":[{"key":"GEMINI_API_KEY","projectId":"projectmate-485110","secret":"GEMINI_API_KEY","version":"3"}],"revision":"generatetopics-00014-res","maxInstanceRequestConcurrency":80,"availableCpu":"1"},"state":"ACTIVE","labels":{"deployment-tool":"cloud-console","deployment-callable":"true","firebase-functions-hash":"a09b89b8a4e3da9631cd1eed21295e125b69dba2"},"environment":"GEN_2","url":"https://us-central1-projectmate-485110.cloudfunctions.net/generateTopics","satisfiesPzi":true},"stages":[{"name":"BUILD","message":"Reusing build","state":"COMPLETE","resource":"projects/369127916461/locations/us-central1/builds/c950eecd-afe6-41b7-87a7-6e7e4bbd2989","stateMessages":[{"severity":"WARNING","type":"BuildAnalysisWarning","message":"Node.js 20 is no longer supported by the Node.js community as of 30 April, 2026. Node.js 20 will be deprecated on 2026-04-30. We recommend you to upgrade to the latest version of Node.js as soon as possible."}]},{"name":"SERVICE","message":"Updating Cloud Run service","state":"IN_PROGRESS","resource":"projects/projectmate-485110/locations/us-central1/services/generatetopics","resourceUri":"https://console.cloud.google.com/run/detail/us-central1/generatetopics?project=projectmate-485110","stateMessages":[{"severity":"INFO","type":"CloudRunServiceNewRevisionTrafficInfo","message":"A new revision will be deployed serving with 100% traffic."}]}],"sourceToken":"Cldwcm9qZWN0cy8zNjkxMjc5MTY0NjEvbG9jYXRpb25zL3VzLWNlbnRyYWwxL2J1aWxkcy9jOTUwZWVjZC1hZmU2LTQxYjctODdhNy02ZTdlNGJiZDI5ODkSeXVzLWNlbnRyYWwxLWRvY2tlci5wa2cuZGV2L3Byb2plY3RtYXRlLTQ4NTExMC9nY2YtYXJ0aWZhY3RzL3Byb2plY3RtYXRlLS00ODUxMTBfX3VzLS1jZW50cmFsMV9fcGF5c3RhY2tfd2ViaG9vazp2ZXJzaW9uXzEYrYf0jd8KIktwcm9qZWN0cy9wcm9qZWN0bWF0ZS00ODUxMTAvbG9jYXRpb25zL3VzLWNlbnRyYWwxL2Z1bmN0aW9ucy9wYXlzdGFja1dlYmhvb2sqCwjrnOzOBhCwmOJKMghub2RlanMyMDp2CiNnY3IuaW8vZ2FlLXJ1bnRpbWVzL25vZGVqczIwOnN0YWJsZRJPdXMtY2VudHJhbDEtZG9ja2VyLnBrZy5kZXYvc2VydmVybGVzcy1ydW50aW1lcy9nb29nbGUtMjItZnVsbC9ydW50aW1lcy9ub2RlanMyMEAB","operationType":"UPDATE_FUNCTION","buildName":"projects/369127916461/locations/us-central1/builds/c950eecd-afe6-41b7-87a7-6e7e4bbd2989"},"done":false}
[debug] [2026-04-12T03:16:16.133Z] Got source token Cldwcm9qZWN0cy8zNjkxMjc5MTY0NjEvbG9jYXRpb25zL3VzLWNlbnRyYWwxL2J1aWxkcy9jOTUwZWVjZC1hZmU2LTQxYjctODdhNy02ZTdlNGJiZDI5ODkSeXVzLWNlbnRyYWwxLWRvY2tlci5wa2cuZGV2L3Byb2plY3RtYXRlLTQ4NTExMC9nY2YtYXJ0aWZhY3RzL3Byb2plY3RtYXRlLS00ODUxMTBfX3VzLS1jZW50cmFsMV9fcGF5c3RhY2tfd2ViaG9vazp2ZXJzaW9uXzEYrYf0jd8KIktwcm9qZWN0cy9wcm9qZWN0bWF0ZS00ODUxMTAvbG9jYXRpb25zL3VzLWNlbnRyYWwxL2Z1bmN0aW9ucy9wYXlzdGFja1dlYmhvb2sqCwjrnOzOBhCwmOJKMghub2RlanMyMDp2CiNnY3IuaW8vZ2FlLXJ1bnRpbWVzL25vZGVqczIwOnN0YWJsZRJPdXMtY2VudHJhbDEtZG9ja2VyLnBrZy5kZXYvc2VydmVybGVzcy1ydW50aW1lcy9nb29nbGUtMjItZnVsbC9ydW50aW1lcy9ub2RlanMyMEAB for region us-central1
[debug] [2026-04-12T03:16:16.770Z] <<< [apiv2][status] GET https://cloudfunctions.googleapis.com/v2/projects/projectmate-485110/locations/us-central1/operations/operation-1775963767507-64f3ac97f0beb-12627e36-1428ceaa 200
[debug] [2026-04-12T03:16:16.788Z] <<< [apiv2][body] GET https://cloudfunctions.googleapis.com/v2/projects/projectmate-485110/locations/us-central1/operations/operation-1775963767507-64f3ac97f0beb-12627e36-1428ceaa {"name":"projects/projectmate-485110/locations/us-central1/operations/operation-1775963767507-64f3ac97f0beb-12627e36-1428ceaa","metadata":{"@type":"type.googleapis.com/google.cloud.functions.v2.OperationMetadata","createTime":"2026-04-12T03:16:08.275516392Z","endTime":"2026-04-12T03:16:16.153985242Z","target":"projects/projectmate-485110/locations/us-central1/functions/generateOutline","verb":"update","cancelRequested":false,"apiVersion":"v2","requestResource":{"@type":"type.googleapis.com/google.cloud.functions.v2.Function","name":"projects/projectmate-485110/locations/us-central1/functions/generateOutline","buildConfig":{"runtime":"nodejs20","entryPoint":"generateOutline","source":{"storageSource":{"bucket":"gcf-v2-sources-369127916461-us-central1","object":"generateOutline/function-source.zip","generation":"1775963768215216"}},"environmentVariables":{"GOOGLE_NODE_RUN_SCRIPTS":""},"dockerRepository":"projects/projectmate-485110/locations/us-central1/repositories/gcf-artifacts","sourceProvenance":{"resolvedStorageSource":{"bucket":"gcf-v2-sources-369127916461-us-central1","object":"generateOutline/function-source.zip","generation":"1775948931304712"}},"dockerRegistry":"ARTIFACT_REGISTRY","sourceToken":"Cldwcm9qZWN0cy8zNjkxMjc5MTY0NjEvbG9jYXRpb25zL3VzLWNlbnRyYWwxL2J1aWxkcy9jOTUwZWVjZC1hZmU2LTQxYjctODdhNy02ZTdlNGJiZDI5ODkSeXVzLWNlbnRyYWwxLWRvY2tlci5wa2cuZGV2L3Byb2plY3RtYXRlLTQ4NTExMC9nY2YtYXJ0aWZhY3RzL3Byb2plY3RtYXRlLS00ODUxMTBfX3VzLS1jZW50cmFsMV9fcGF5c3RhY2tfd2ViaG9vazp2ZXJzaW9uXzEYrYf0jd8KIktwcm9qZWN0cy9wcm9qZWN0bWF0ZS00ODUxMTAvbG9jYXRpb25zL3VzLWNlbnRyYWwxL2Z1bmN0aW9ucy9wYXlzdGFja1dlYmhvb2sqCwjrnOzOBhCwmOJKMghub2RlanMyMDp2CiNnY3IuaW8vZ2FlLXJ1bnRpbWVzL25vZGVqczIwOnN0YWJsZRJPdXMtY2VudHJhbDEtZG9ja2VyLnBrZy5kZXYvc2VydmVybGVzcy1ydW50aW1lcy9nb29nbGUtMjItZnVsbC9ydW50aW1lcy9ub2RlanMyMEAB","serviceAccount":"projects/projectmate-485110/serviceAccounts/369127916461-compute@developer.gserviceaccount.com","automaticUpdatePolicy":{}},"serviceConfig":{"service":"projects/projectmate-485110/locations/us-central1/services/generateoutline","timeoutSeconds":60,"environmentVariables":{"FIREBASE_CONFIG":"{\"projectId\":\"projectmate-485110\",\"storageBucket\":\"projectmate-485110.firebasestorage.app\"}","GCLOUD_PROJECT":"projectmate-485110","EVENTARC_CLOUD_EVENT_SOURCE":"projects/projectmate-485110/locations/us-central1/services/generateOutline","FUNCTION_TARGET":"generateOutline","LOG_EXECUTION_ID":"true","FUNCTION_SIGNATURE_TYPE":"http"},"ingressSettings":"ALLOW_ALL","uri":"https://generateoutline-7e24pliqpa-uc.a.run.app","serviceAccountEmail":"369127916461-compute@developer.gserviceaccount.com","availableMemory":"256Mi","allTrafficOnLatestRevision":true,"secretEnvironmentVariables":[{"key":"GEMINI_API_KEY","projectId":"projectmate-485110","secret":"GEMINI_API_KEY","version":"3"}],"revision":"generateoutline-00014-mav","maxInstanceRequestConcurrency":80,"availableCpu":"1"},"state":"ACTIVE","labels":{"deployment-tool":"cloud-console","deployment-callable":"true","firebase-functions-hash":"a09b89b8a4e3da9631cd1eed21295e125b69dba2"},"environment":"GEN_2","url":"https://us-central1-projectmate-485110.cloudfunctions.net/generateOutline","satisfiesPzi":true},"stages":[{"name":"BUILD","message":"Reusing build","state":"COMPLETE","resource":"projects/369127916461/locations/us-central1/builds/c950eecd-afe6-41b7-87a7-6e7e4bbd2989","stateMessages":[{"severity":"WARNING","type":"BuildAnalysisWarning","message":"Node.js 20 is no longer supported by the Node.js community as of 30 April, 2026. Node.js 20 will be deprecated on 2026-04-30. We recommend you to upgrade to the latest version of Node.js as soon as possible."}]},{"name":"SERVICE","message":"Updating Cloud Run service","state":"COMPLETE","resource":"projects/projectmate-485110/locations/us-central1/services/generateoutline","resourceUri":"https://console.cloud.google.com/run/detail/us-central1/generateoutline?project=projectmate-485110","stateMessages":[{"severity":"INFO","type":"CloudRunServiceNewRevisionTrafficInfo","message":"A new revision will be deployed serving with 100% traffic."}]}],"sourceToken":"Cldwcm9qZWN0cy8zNjkxMjc5MTY0NjEvbG9jYXRpb25zL3VzLWNlbnRyYWwxL2J1aWxkcy9jOTUwZWVjZC1hZmU2LTQxYjctODdhNy02ZTdlNGJiZDI5ODkSeXVzLWNlbnRyYWwxLWRvY2tlci5wa2cuZGV2L3Byb2plY3RtYXRlLTQ4NTExMC9nY2YtYXJ0aWZhY3RzL3Byb2plY3RtYXRlLS00ODUxMTBfX3VzLS1jZW50cmFsMV9fcGF5c3RhY2tfd2ViaG9vazp2ZXJzaW9uXzEYrYf0jd8KIktwcm9qZWN0cy9wcm9qZWN0bWF0ZS00ODUxMTAvbG9jYXRpb25zL3VzLWNlbnRyYWwxL2Z1bmN0aW9ucy9wYXlzdGFja1dlYmhvb2sqCwjrnOzOBhCwmOJKMghub2RlanMyMDp2CiNnY3IuaW8vZ2FlLXJ1bnRpbWVzL25vZGVqczIwOnN0YWJsZRJPdXMtY2VudHJhbDEtZG9ja2VyLnBrZy5kZXYvc2VydmVybGVzcy1ydW50aW1lcy9nb29nbGUtMjItZnVsbC9ydW50aW1lcy9ub2RlanMyMEAB","operationType":"UPDATE_FUNCTION","buildName":"projects/369127916461/locations/us-central1/builds/c950eecd-afe6-41b7-87a7-6e7e4bbd2989"},"done":true,"response":{"@type":"type.googleapis.com/google.cloud.functions.v2.Function","name":"projects/projectmate-485110/locations/us-central1/functions/generateOutline","buildConfig":{"build":"projects/369127916461/locations/us-central1/builds/c950eecd-afe6-41b7-87a7-6e7e4bbd2989","runtime":"nodejs20","entryPoint":"generateOutline","source":{"storageSource":{"bucket":"gcf-v2-sources-369127916461-us-central1","object":"generateOutline/function-source.zip","generation":"1775963768215216"}},"environmentVariables":{"GOOGLE_NODE_RUN_SCRIPTS":""},"dockerRepository":"projects/projectmate-485110/locations/us-central1/repositories/gcf-artifacts","sourceProvenance":{"resolvedStorageSource":{"bucket":"gcf-v2-sources-369127916461-us-central1","object":"generateOutline/function-source.zip","generation":"1775963768215216"}},"dockerRegistry":"ARTIFACT_REGISTRY","serviceAccount":"projects/projectmate-485110/serviceAccounts/369127916461-compute@developer.gserviceaccount.com","automaticUpdatePolicy":{}},"serviceConfig":{"service":"projects/projectmate-485110/locations/us-central1/services/generateoutline","timeoutSeconds":60,"environmentVariables":{"FIREBASE_CONFIG":"{\"projectId\":\"projectmate-485110\",\"storageBucket\":\"projectmate-485110.firebasestorage.app\"}","GCLOUD_PROJECT":"projectmate-485110","EVENTARC_CLOUD_EVENT_SOURCE":"projects/projectmate-485110/locations/us-central1/services/generateOutline","FUNCTION_TARGET":"generateOutline","LOG_EXECUTION_ID":"true","FUNCTION_SIGNATURE_TYPE":"http"},"maxInstanceCount":3,"ingressSettings":"ALLOW_ALL","uri":"https://generateoutline-7e24pliqpa-uc.a.run.app","serviceAccountEmail":"369127916461-compute@developer.gserviceaccount.com","availableMemory":"256Mi","allTrafficOnLatestRevision":true,"secretEnvironmentVariables":[{"key":"GEMINI_API_KEY","projectId":"projectmate-485110","secret":"GEMINI_API_KEY","version":"3"}],"revision":"generateoutline-00015-zom","maxInstanceRequestConcurrency":80,"availableCpu":"1"},"state":"ACTIVE","updateTime":"2026-04-12T03:16:08.277999230Z","labels":{"deployment-tool":"cli-firebase","deployment-callable":"true","firebase-functions-hash":"a09b89b8a4e3da9631cd1eed21295e125b69dba2"},"environment":"GEN_2","url":"https://us-central1-projectmate-485110.cloudfunctions.net/generateOutline","createTime":"2026-04-10T21:05:11.490575986Z","satisfiesPzi":true}}
[debug] [2026-04-12T03:16:16.802Z] Got source token Cldwcm9qZWN0cy8zNjkxMjc5MTY0NjEvbG9jYXRpb25zL3VzLWNlbnRyYWwxL2J1aWxkcy9jOTUwZWVjZC1hZmU2LTQxYjctODdhNy02ZTdlNGJiZDI5ODkSeXVzLWNlbnRyYWwxLWRvY2tlci5wa2cuZGV2L3Byb2plY3RtYXRlLTQ4NTExMC9nY2YtYXJ0aWZhY3RzL3Byb2plY3RtYXRlLS00ODUxMTBfX3VzLS1jZW50cmFsMV9fcGF5c3RhY2tfd2ViaG9vazp2ZXJzaW9uXzEYrYf0jd8KIktwcm9qZWN0cy9wcm9qZWN0bWF0ZS00ODUxMTAvbG9jYXRpb25zL3VzLWNlbnRyYWwxL2Z1bmN0aW9ucy9wYXlzdGFja1dlYmhvb2sqCwjrnOzOBhCwmOJKMghub2RlanMyMDp2CiNnY3IuaW8vZ2FlLXJ1bnRpbWVzL25vZGVqczIwOnN0YWJsZRJPdXMtY2VudHJhbDEtZG9ja2VyLnBrZy5kZXYvc2VydmVybGVzcy1ydW50aW1lcy9nb29nbGUtMjItZnVsbC9ydW50aW1lcy9ub2RlanMyMEAB for region us-central1
[info] +  functions[generateOutline(us-central1)] Successful update operation. 
[debug] [2026-04-12T03:16:20.141Z] [update-default-us-central1-generateTopics] Retrying task index 0
[debug] [2026-04-12T03:16:20.170Z] Checked if tokens are valid: true, expires at: 1775966200663
[debug] [2026-04-12T03:16:20.186Z] Checked if tokens are valid: true, expires at: 1775966200663
[debug] [2026-04-12T03:16:20.187Z] >>> [apiv2][query] GET https://cloudfunctions.googleapis.com/v2/projects/projectmate-485110/locations/us-central1/operations/operation-1775963766654-64f3ac9720725-e8468a7c-ec77a1b3 [none]
[debug] [2026-04-12T03:16:20.657Z] <<< [apiv2][status] GET https://cloudfunctions.googleapis.com/v2/projects/projectmate-485110/locations/us-central1/operations/operation-1775963766654-64f3ac9720725-e8468a7c-ec77a1b3 200
[debug] [2026-04-12T03:16:20.687Z] <<< [apiv2][body] GET https://cloudfunctions.googleapis.com/v2/projects/projectmate-485110/locations/us-central1/operations/operation-1775963766654-64f3ac9720725-e8468a7c-ec77a1b3 {"name":"projects/projectmate-485110/locations/us-central1/operations/operation-1775963766654-64f3ac9720725-e8468a7c-ec77a1b3","metadata":{"@type":"type.googleapis.com/google.cloud.functions.v2.OperationMetadata","createTime":"2026-04-12T03:16:07.551853971Z","endTime":"2026-04-12T03:16:18.963226803Z","target":"projects/projectmate-485110/locations/us-central1/functions/generateTopics","verb":"update","cancelRequested":false,"apiVersion":"v2","requestResource":{"@type":"type.googleapis.com/google.cloud.functions.v2.Function","name":"projects/projectmate-485110/locations/us-central1/functions/generateTopics","buildConfig":{"runtime":"nodejs20","entryPoint":"generateTopics","source":{"storageSource":{"bucket":"gcf-v2-sources-369127916461-us-central1","object":"generateTopics/function-source.zip","generation":"1775963767489420"}},"environmentVariables":{"GOOGLE_NODE_RUN_SCRIPTS":""},"dockerRepository":"projects/projectmate-485110/locations/us-central1/repositories/gcf-artifacts","sourceProvenance":{"resolvedStorageSource":{"bucket":"gcf-v2-sources-369127916461-us-central1","object":"generateTopics/function-source.zip","generation":"1775948931032963"}},"dockerRegistry":"ARTIFACT_REGISTRY","sourceToken":"Cldwcm9qZWN0cy8zNjkxMjc5MTY0NjEvbG9jYXRpb25zL3VzLWNlbnRyYWwxL2J1aWxkcy9jOTUwZWVjZC1hZmU2LTQxYjctODdhNy02ZTdlNGJiZDI5ODkSeXVzLWNlbnRyYWwxLWRvY2tlci5wa2cuZGV2L3Byb2plY3RtYXRlLTQ4NTExMC9nY2YtYXJ0aWZhY3RzL3Byb2plY3RtYXRlLS00ODUxMTBfX3VzLS1jZW50cmFsMV9fcGF5c3RhY2tfd2ViaG9vazp2ZXJzaW9uXzEYrYf0jd8KIktwcm9qZWN0cy9wcm9qZWN0bWF0ZS00ODUxMTAvbG9jYXRpb25zL3VzLWNlbnRyYWwxL2Z1bmN0aW9ucy9wYXlzdGFja1dlYmhvb2sqCwjrnOzOBhCwmOJKMghub2RlanMyMDp2CiNnY3IuaW8vZ2FlLXJ1bnRpbWVzL25vZGVqczIwOnN0YWJsZRJPdXMtY2VudHJhbDEtZG9ja2VyLnBrZy5kZXYvc2VydmVybGVzcy1ydW50aW1lcy9nb29nbGUtMjItZnVsbC9ydW50aW1lcy9ub2RlanMyMEAB","serviceAccount":"projects/projectmate-485110/serviceAccounts/369127916461-compute@developer.gserviceaccount.com","automaticUpdatePolicy":{}},"serviceConfig":{"service":"projects/projectmate-485110/locations/us-central1/services/generatetopics","timeoutSeconds":60,"environmentVariables":{"FIREBASE_CONFIG":"{\"projectId\":\"projectmate-485110\",\"storageBucket\":\"projectmate-485110.firebasestorage.app\"}","GCLOUD_PROJECT":"projectmate-485110","EVENTARC_CLOUD_EVENT_SOURCE":"projects/projectmate-485110/locations/us-central1/services/generateTopics","FUNCTION_TARGET":"generateTopics","LOG_EXECUTION_ID":"true","FUNCTION_SIGNATURE_TYPE":"http"},"ingressSettings":"ALLOW_ALL","uri":"https://generatetopics-7e24pliqpa-uc.a.run.app","serviceAccountEmail":"369127916461-compute@developer.gserviceaccount.com","availableMemory":"256Mi","allTrafficOnLatestRevision":true,"secretEnvironmentVariables":[{"key":"GEMINI_API_KEY","projectId":"projectmate-485110","secret":"GEMINI_API_KEY","version":"3"}],"revision":"generatetopics-00014-res","maxInstanceRequestConcurrency":80,"availableCpu":"1"},"state":"ACTIVE","labels":{"deployment-tool":"cloud-console","deployment-callable":"true","firebase-functions-hash":"a09b89b8a4e3da9631cd1eed21295e125b69dba2"},"environment":"GEN_2","url":"https://us-central1-projectmate-485110.cloudfunctions.net/generateTopics","satisfiesPzi":true},"stages":[{"name":"BUILD","message":"Reusing build","state":"COMPLETE","resource":"projects/369127916461/locations/us-central1/builds/c950eecd-afe6-41b7-87a7-6e7e4bbd2989","stateMessages":[{"severity":"WARNING","type":"BuildAnalysisWarning","message":"Node.js 20 is no longer supported by the Node.js community as of 30 April, 2026. Node.js 20 will be deprecated on 2026-04-30. We recommend you to upgrade to the latest version of Node.js as soon as possible."}]},{"name":"SERVICE","message":"Updating Cloud Run service","state":"COMPLETE","resource":"projects/projectmate-485110/locations/us-central1/services/generatetopics","resourceUri":"https://console.cloud.google.com/run/detail/us-central1/generatetopics?project=projectmate-485110","stateMessages":[{"severity":"INFO","type":"CloudRunServiceNewRevisionTrafficInfo","message":"A new revision will be deployed serving with 100% traffic."}]}],"sourceToken":"Cldwcm9qZWN0cy8zNjkxMjc5MTY0NjEvbG9jYXRpb25zL3VzLWNlbnRyYWwxL2J1aWxkcy9jOTUwZWVjZC1hZmU2LTQxYjctODdhNy02ZTdlNGJiZDI5ODkSeXVzLWNlbnRyYWwxLWRvY2tlci5wa2cuZGV2L3Byb2plY3RtYXRlLTQ4NTExMC9nY2YtYXJ0aWZhY3RzL3Byb2plY3RtYXRlLS00ODUxMTBfX3VzLS1jZW50cmFsMV9fcGF5c3RhY2tfd2ViaG9vazp2ZXJzaW9uXzEYrYf0jd8KIktwcm9qZWN0cy9wcm9qZWN0bWF0ZS00ODUxMTAvbG9jYXRpb25zL3VzLWNlbnRyYWwxL2Z1bmN0aW9ucy9wYXlzdGFja1dlYmhvb2sqCwjrnOzOBhCwmOJKMghub2RlanMyMDp2CiNnY3IuaW8vZ2FlLXJ1bnRpbWVzL25vZGVqczIwOnN0YWJsZRJPdXMtY2VudHJhbDEtZG9ja2VyLnBrZy5kZXYvc2VydmVybGVzcy1ydW50aW1lcy9nb29nbGUtMjItZnVsbC9ydW50aW1lcy9ub2RlanMyMEAB","operationType":"UPDATE_FUNCTION","buildName":"projects/369127916461/locations/us-central1/builds/c950eecd-afe6-41b7-87a7-6e7e4bbd2989"},"done":true,"response":{"@type":"type.googleapis.com/google.cloud.functions.v2.Function","name":"projects/projectmate-485110/locations/us-central1/functions/generateTopics","buildConfig":{"build":"projects/369127916461/locations/us-central1/builds/c950eecd-afe6-41b7-87a7-6e7e4bbd2989","runtime":"nodejs20","entryPoint":"generateTopics","source":{"storageSource":{"bucket":"gcf-v2-sources-369127916461-us-central1","object":"generateTopics/function-source.zip","generation":"1775963767489420"}},"environmentVariables":{"GOOGLE_NODE_RUN_SCRIPTS":""},"dockerRepository":"projects/projectmate-485110/locations/us-central1/repositories/gcf-artifacts","sourceProvenance":{"resolvedStorageSource":{"bucket":"gcf-v2-sources-369127916461-us-central1","object":"generateTopics/function-source.zip","generation":"1775963767489420"}},"dockerRegistry":"ARTIFACT_REGISTRY","serviceAccount":"projects/projectmate-485110/serviceAccounts/369127916461-compute@developer.gserviceaccount.com","automaticUpdatePolicy":{}},"serviceConfig":{"service":"projects/projectmate-485110/locations/us-central1/services/generatetopics","timeoutSeconds":60,"environmentVariables":{"FIREBASE_CONFIG":"{\"projectId\":\"projectmate-485110\",\"storageBucket\":\"projectmate-485110.firebasestorage.app\"}","GCLOUD_PROJECT":"projectmate-485110","EVENTARC_CLOUD_EVENT_SOURCE":"projects/projectmate-485110/locations/us-central1/services/generateTopics","FUNCTION_TARGET":"generateTopics","LOG_EXECUTION_ID":"true","FUNCTION_SIGNATURE_TYPE":"http"},"maxInstanceCount":3,"ingressSettings":"ALLOW_ALL","uri":"https://generatetopics-7e24pliqpa-uc.a.run.app","serviceAccountEmail":"369127916461-compute@developer.gserviceaccount.com","availableMemory":"256Mi","allTrafficOnLatestRevision":true,"secretEnvironmentVariables":[{"key":"GEMINI_API_KEY","projectId":"projectmate-485110","secret":"GEMINI_API_KEY","version":"3"}],"revision":"generatetopics-00015-bom","maxInstanceRequestConcurrency":80,"availableCpu":"1"},"state":"ACTIVE","updateTime":"2026-04-12T03:16:07.554231076Z","labels":{"deployment-tool":"cli-firebase","deployment-callable":"true","firebase-functions-hash":"a09b89b8a4e3da9631cd1eed21295e125b69dba2"},"environment":"GEN_2","url":"https://us-central1-projectmate-485110.cloudfunctions.net/generateTopics","createTime":"2026-04-10T21:03:48.649654189Z","satisfiesPzi":true}}
[debug] [2026-04-12T03:16:20.703Z] Got source token Cldwcm9qZWN0cy8zNjkxMjc5MTY0NjEvbG9jYXRpb25zL3VzLWNlbnRyYWwxL2J1aWxkcy9jOTUwZWVjZC1hZmU2LTQxYjctODdhNy02ZTdlNGJiZDI5ODkSeXVzLWNlbnRyYWwxLWRvY2tlci5wa2cuZGV2L3Byb2plY3RtYXRlLTQ4NTExMC9nY2YtYXJ0aWZhY3RzL3Byb2plY3RtYXRlLS00ODUxMTBfX3VzLS1jZW50cmFsMV9fcGF5c3RhY2tfd2ViaG9vazp2ZXJzaW9uXzEYrYf0jd8KIktwcm9qZWN0cy9wcm9qZWN0bWF0ZS00ODUxMTAvbG9jYXRpb25zL3VzLWNlbnRyYWwxL2Z1bmN0aW9ucy9wYXlzdGFja1dlYmhvb2sqCwjrnOzOBhCwmOJKMghub2RlanMyMDp2CiNnY3IuaW8vZ2FlLXJ1bnRpbWVzL25vZGVqczIwOnN0YWJsZRJPdXMtY2VudHJhbDEtZG9ja2VyLnBrZy5kZXYvc2VydmVybGVzcy1ydW50aW1lcy9nb29nbGUtMjItZnVsbC9ydW50aW1lcy9ub2RlanMyMEAB for region us-central1
[info] +  functions[generateTopics(us-central1)] Successful update operation. 
[debug] [2026-04-12T03:16:25.527Z] [update-default-us-central1-paystackWebhook] Retrying task index 0
[debug] [2026-04-12T03:16:25.530Z] Checked if tokens are valid: true, expires at: 1775966200663
[debug] [2026-04-12T03:16:25.533Z] Checked if tokens are valid: true, expires at: 1775966200663
[debug] [2026-04-12T03:16:25.534Z] >>> [apiv2][query] GET https://cloudfunctions.googleapis.com/v2/projects/projectmate-485110/locations/us-central1/operations/operation-1775963709764-64f3ac60df3eb-37332990-485fdf79 [none]
[debug] [2026-04-12T03:16:25.984Z] <<< [apiv2][status] GET https://cloudfunctions.googleapis.com/v2/projects/projectmate-485110/locations/us-central1/operations/operation-1775963709764-64f3ac60df3eb-37332990-485fdf79 200
[debug] [2026-04-12T03:16:25.987Z] <<< [apiv2][body] GET https://cloudfunctions.googleapis.com/v2/projects/projectmate-485110/locations/us-central1/operations/operation-1775963709764-64f3ac60df3eb-37332990-485fdf79 {"name":"projects/projectmate-485110/locations/us-central1/operations/operation-1775963709764-64f3ac60df3eb-37332990-485fdf79","metadata":{"@type":"type.googleapis.com/google.cloud.functions.v2.OperationMetadata","createTime":"2026-04-12T03:15:10.738115863Z","endTime":"2026-04-12T03:16:16.533750677Z","target":"projects/projectmate-485110/locations/us-central1/functions/paystackWebhook","verb":"update","cancelRequested":false,"apiVersion":"v2","requestResource":{"@type":"type.googleapis.com/google.cloud.functions.v2.Function","name":"projects/projectmate-485110/locations/us-central1/functions/paystackWebhook","buildConfig":{"runtime":"nodejs20","entryPoint":"paystackWebhook","source":{"storageSource":{"bucket":"gcf-v2-sources-369127916461-us-central1","object":"paystackWebhook/function-source.zip","generation":"1775963710632535"}},"environmentVariables":{"GOOGLE_NODE_RUN_SCRIPTS":""},"dockerRepository":"projects/projectmate-485110/locations/us-central1/repositories/gcf-artifacts","sourceProvenance":{"resolvedStorageSource":{"bucket":"gcf-v2-sources-369127916461-us-central1","object":"paystackWebhook/function-source.zip","generation":"1775948886933731"}},"dockerRegistry":"ARTIFACT_REGISTRY","serviceAccount":"projects/projectmate-485110/serviceAccounts/369127916461-compute@developer.gserviceaccount.com","automaticUpdatePolicy":{}},"serviceConfig":{"service":"projects/projectmate-485110/locations/us-central1/services/paystackwebhook","timeoutSeconds":60,"environmentVariables":{"FIREBASE_CONFIG":"{\"projectId\":\"projectmate-485110\",\"storageBucket\":\"projectmate-485110.firebasestorage.app\"}","GCLOUD_PROJECT":"projectmate-485110","EVENTARC_CLOUD_EVENT_SOURCE":"projects/projectmate-485110/locations/us-central1/services/paystackWebhook","FUNCTION_TARGET":"paystackWebhook","LOG_EXECUTION_ID":"true"},"ingressSettings":"ALLOW_ALL","uri":"https://paystackwebhook-7e24pliqpa-uc.a.run.app","serviceAccountEmail":"369127916461-compute@developer.gserviceaccount.com","availableMemory":"256Mi","allTrafficOnLatestRevision":true,"secretEnvironmentVariables":[{"key":"PAYSTACK_SECRET_KEY","projectId":"projectmate-485110","secret":"PAYSTACK_SECRET_KEY","version":"2"}],"revision":"paystackwebhook-00005-yem","maxInstanceRequestConcurrency":80,"availableCpu":"1"},"state":"ACTIVE","labels":{"deployment-tool":"cli-firebase","firebase-functions-hash":"82dbe9dec978ac680a76a7c2e4533619edaf9c8c"},"environment":"GEN_2","url":"https://us-central1-projectmate-485110.cloudfunctions.net/paystackWebhook","satisfiesPzi":true},"stages":[{"name":"BUILD","message":"Build finished","state":"COMPLETE","resource":"projects/369127916461/locations/us-central1/builds/c950eecd-afe6-41b7-87a7-6e7e4bbd2989","resourceUri":"https://console.cloud.google.com/cloud-build/builds;region=us-central1/c950eecd-afe6-41b7-87a7-6e7e4bbd2989?project=369127916461"},{"name":"SERVICE","message":"Updating Cloud Run service","state":"COMPLETE","resource":"projects/projectmate-485110/locations/us-central1/services/paystackwebhook","resourceUri":"https://console.cloud.google.com/run/detail/us-central1/paystackwebhook?project=projectmate-485110","stateMessages":[{"severity":"INFO","type":"CloudRunServiceNewRevisionTrafficInfo","message":"A new revision will be deployed serving with 100% traffic."}]}],"sourceToken":"Cldwcm9qZWN0cy8zNjkxMjc5MTY0NjEvbG9jYXRpb25zL3VzLWNlbnRyYWwxL2J1aWxkcy9jOTUwZWVjZC1hZmU2LTQxYjctODdhNy02ZTdlNGJiZDI5ODkSeXVzLWNlbnRyYWwxLWRvY2tlci5wa2cuZGV2L3Byb2plY3RtYXRlLTQ4NTExMC9nY2YtYXJ0aWZhY3RzL3Byb2plY3RtYXRlLS00ODUxMTBfX3VzLS1jZW50cmFsMV9fcGF5c3RhY2tfd2ViaG9vazp2ZXJzaW9uXzEYrYf0jd8KIktwcm9qZWN0cy9wcm9qZWN0bWF0ZS00ODUxMTAvbG9jYXRpb25zL3VzLWNlbnRyYWwxL2Z1bmN0aW9ucy9wYXlzdGFja1dlYmhvb2sqCwjrnOzOBhCwmOJKMghub2RlanMyMDp2CiNnY3IuaW8vZ2FlLXJ1bnRpbWVzL25vZGVqczIwOnN0YWJsZRJPdXMtY2VudHJhbDEtZG9ja2VyLnBrZy5kZXYvc2VydmVybGVzcy1ydW50aW1lcy9nb29nbGUtMjItZnVsbC9ydW50aW1lcy9ub2RlanMyMEAB","operationType":"UPDATE_FUNCTION","buildName":"projects/369127916461/locations/us-central1/builds/c950eecd-afe6-41b7-87a7-6e7e4bbd2989"},"done":true,"response":{"@type":"type.googleapis.com/google.cloud.functions.v2.Function","name":"projects/projectmate-485110/locations/us-central1/functions/paystackWebhook","buildConfig":{"build":"projects/369127916461/locations/us-central1/builds/c950eecd-afe6-41b7-87a7-6e7e4bbd2989","runtime":"nodejs20","entryPoint":"paystackWebhook","source":{"storageSource":{"bucket":"gcf-v2-sources-369127916461-us-central1","object":"paystackWebhook/function-source.zip","generation":"1775963710632535"}},"environmentVariables":{"GOOGLE_NODE_RUN_SCRIPTS":""},"dockerRepository":"projects/projectmate-485110/locations/us-central1/repositories/gcf-artifacts","sourceProvenance":{"resolvedStorageSource":{"bucket":"gcf-v2-sources-369127916461-us-central1","object":"paystackWebhook/function-source.zip","generation":"1775963710632535"}},"dockerRegistry":"ARTIFACT_REGISTRY","serviceAccount":"projects/projectmate-485110/serviceAccounts/369127916461-compute@developer.gserviceaccount.com","automaticUpdatePolicy":{}},"serviceConfig":{"service":"projects/projectmate-485110/locations/us-central1/services/paystackwebhook","timeoutSeconds":60,"environmentVariables":{"FIREBASE_CONFIG":"{\"projectId\":\"projectmate-485110\",\"storageBucket\":\"projectmate-485110.firebasestorage.app\"}","GCLOUD_PROJECT":"projectmate-485110","EVENTARC_CLOUD_EVENT_SOURCE":"projects/projectmate-485110/locations/us-central1/services/paystackWebhook","FUNCTION_TARGET":"paystackWebhook","LOG_EXECUTION_ID":"true"},"maxInstanceCount":3,"ingressSettings":"ALLOW_ALL","uri":"https://paystackwebhook-7e24pliqpa-uc.a.run.app","serviceAccountEmail":"369127916461-compute@developer.gserviceaccount.com","availableMemory":"256Mi","allTrafficOnLatestRevision":true,"secretEnvironmentVariables":[{"key":"PAYSTACK_SECRET_KEY","projectId":"projectmate-485110","secret":"PAYSTACK_SECRET_KEY","version":"2"}],"revision":"paystackwebhook-00006-cav","maxInstanceRequestConcurrency":80,"availableCpu":"1"},"state":"ACTIVE","updateTime":"2026-04-12T03:15:10.739781272Z","labels":{"deployment-tool":"cli-firebase","firebase-functions-hash":"82dbe9dec978ac680a76a7c2e4533619edaf9c8c"},"environment":"GEN_2","url":"https://us-central1-projectmate-485110.cloudfunctions.net/paystackWebhook","createTime":"2026-04-11T12:49:00.113446997Z","satisfiesPzi":true}}
[debug] [2026-04-12T03:16:25.992Z] Got source token Cldwcm9qZWN0cy8zNjkxMjc5MTY0NjEvbG9jYXRpb25zL3VzLWNlbnRyYWwxL2J1aWxkcy9jOTUwZWVjZC1hZmU2LTQxYjctODdhNy02ZTdlNGJiZDI5ODkSeXVzLWNlbnRyYWwxLWRvY2tlci5wa2cuZGV2L3Byb2plY3RtYXRlLTQ4NTExMC9nY2YtYXJ0aWZhY3RzL3Byb2plY3RtYXRlLS00ODUxMTBfX3VzLS1jZW50cmFsMV9fcGF5c3RhY2tfd2ViaG9vazp2ZXJzaW9uXzEYrYf0jd8KIktwcm9qZWN0cy9wcm9qZWN0bWF0ZS00ODUxMTAvbG9jYXRpb25zL3VzLWNlbnRyYWwxL2Z1bmN0aW9ucy9wYXlzdGFja1dlYmhvb2sqCwjrnOzOBhCwmOJKMghub2RlanMyMDp2CiNnY3IuaW8vZ2FlLXJ1bnRpbWVzL25vZGVqczIwOnN0YWJsZRJPdXMtY2VudHJhbDEtZG9ja2VyLnBrZy5kZXYvc2VydmVybGVzcy1ydW50aW1lcy9nb29nbGUtMjItZnVsbC9ydW50aW1lcy9ub2RlanMyMEAB for region us-central1
[info] +  functions[paystackWebhook(us-central1)] Successful update operation. 
[debug] [2026-04-12T03:16:26.033Z] Total Function Deployment time: 78406
[debug] [2026-04-12T03:16:26.034Z] 6 Functions Deployed
[debug] [2026-04-12T03:16:26.035Z] 0 Functions Errored
[debug] [2026-04-12T03:16:26.049Z] 0 Function Deployments Aborted
[debug] [2026-04-12T03:16:26.052Z] Average Function Deployment time: 70865.5
[info] Function URL (paystackWebhook(us-central1)): https://paystackwebhook-7e24pliqpa-uc.a.run.app
[info] Function URL (generateChapterStream(us-central1)): https://generatechapterstream-7e24pliqpa-uc.a.run.app
[info] Function URL (generateSectionStream(us-central1)): https://generatesectionstream-7e24pliqpa-uc.a.run.app
[info] Function URL (elaborateStream(us-central1)): https://elaboratestream-7e24pliqpa-uc.a.run.app
[debug] [2026-04-12T03:16:26.704Z] Checked if tokens are valid: true, expires at: 1775966200663
[debug] [2026-04-12T03:16:26.704Z] Checked if tokens are valid: true, expires at: 1775966200663
[debug] [2026-04-12T03:16:26.717Z] >>> [apiv2][query] GET https://artifactregistry.googleapis.com/v1/projects/projectmate-485110/locations/us-central1/repositories/gcf-artifacts [none]
[debug] [2026-04-12T03:16:27.976Z] <<< [apiv2][status] GET https://artifactregistry.googleapis.com/v1/projects/projectmate-485110/locations/us-central1/repositories/gcf-artifacts 200
[debug] [2026-04-12T03:16:27.978Z] <<< [apiv2][body] GET https://artifactregistry.googleapis.com/v1/projects/projectmate-485110/locations/us-central1/repositories/gcf-artifacts {"name":"projects/projectmate-485110/locations/us-central1/repositories/gcf-artifacts","format":"DOCKER","description":"This repository is created and used by Cloud Functions for storing function docker images.","labels":{"goog-managed-by":"cloudfunctions"},"createTime":"2026-04-10T21:04:01.325797Z","updateTime":"2026-04-12T03:15:40.532787Z","mode":"STANDARD_REPOSITORY","cleanupPolicies":{"firebase-functions-cleanup":{"id":"firebase-functions-cleanup","action":"DELETE","condition":{"tagState":"ANY","olderThan":"2592000s"}}},"sizeBytes":"300845123","vulnerabilityScanningConfig":{"lastEnableTime":"2026-04-10T21:03:48.876281869Z","enablementState":"SCANNING_DISABLED","enablementStateReason":"API containerscanning.googleapis.com is not enabled."},"satisfiesPzi":true,"registryUri":"us-central1-docker.pkg.dev/projectmate-485110/gcf-artifacts"}
[info] 
[info] +  Deploy complete! 
[info] 
[info] Project Console: https://console.firebase.google.com/project/projectmate-485110/overview
